Entity,Code,Year,Total_GreenBeans_Tonnes
Africa,,2000,1277578.2
Africa (FAO),,2000,1277578.2
Americas (FAO),,2000,4188908.8
Angola,AGO,2000,4260
Asia,,2000,1949181
Asia (FAO),,2000,1949181
Belize,BLZ,2000,165
Benin,BEN,2000,142.51
Bolivia,BOL,2000,27696
Brazil,BRA,2000,1903562
Burundi,BDI,2000,67439
Cambodia,KHM,2000,300
Cameroon,CMR,2000,86200
Caribbean (FAO),,2000,103611.71
Central African Republic,CAF,2000,12900
Central America (FAO),,2000,1211647
China,CHN,2000,11568
China (FAO),,2000,11568
Colombia,COL,2000,637140
Comoros,COM,2000,98
Congo,COG,2000,1550
Cook Islands,COK,2000,6.5
Costa Rica,CRI,2000,161395
Cote d'Ivoire,CIV,2000,380000
Cuba,CUB,2000,16500
Democratic Republic of Congo,COD,2000,46767
Dominica,DMA,2000,307.71
Dominican Republic,DOM,2000,45546
East Timor,TLS,2000,13000
Eastern Africa (FAO),,2000,679350
Eastern Asia (FAO),,2000,11568
Ecuador,ECU,2000,27606
El Salvador,SLV,2000,114087
Equatorial Guinea,GNQ,2000,5000
Ethiopia,ETH,2000,229980
Fiji,FJI,2000,15
French Polynesia,PYF,2000,17.61
Gabon,GAB,2000,198
Ghana,GHA,2000,1956
Guadeloupe,GLP,2000,35
Guatemala,GTM,2000,312060
Guinea,GIN,2000,22080
Guyana,GUY,2000,15
Haiti,HTI,2000,30000
High-income countries,,2000,184453.61
Honduras,HND,2000,193309
India,IND,2000,292000
Indonesia,IDN,2000,554574
Jamaica,JAM,2000,2220
Kenya,KEN,2000,100700
Land Locked Developing Countries (FAO),,2000,539826
Laos,LAO,2000,23500
Least Developed Countries (FAO),,2000,769379.3
Liberia,LBR,2000,3126.8
Low Income Food Deficit Countries (FAO),,2000,1003775.3
Low-income countries,,2000,623808.8
Lower-middle-income countries,,2000,2326994.5
Madagascar,MDG,2000,58080
Malawi,MWI,2000,3780
Malaysia,MYS,2000,39800
Martinique,MTQ,2000,40
Melanesia,OWID_MNS,2000,83063
Mexico,MEX,2000,338170
Middle Africa (FAO),,2000,156893
Mozambique,MOZ,2000,600
Myanmar,MMR,2000,2100
Nepal,NPL,2000,72
Net Food Importing Developing Countries (FAO),,2000,1902863.1
New Caledonia,NCL,2000,18
Nicaragua,NIC,2000,82206
Nigeria,NGA,2000,3830
North America,,2000,1319208.8
Northern America (FAO),,2000,3950
Oceania,,2000,83109.19
Oceania (FAO),,2000,83109.18
Panama,PAN,2000,10255
Papua New Guinea,PNG,2000,83000
Paraguay,PRY,2000,3586
Peru,PER,2000,191651
Philippines,PHL,2000,107557
Polynesia,OWID_PYA,2000,46.18
Puerto Rico,PRI,2000,8250
Rwanda,RWA,2000,16098
Saint Vincent and the Grenadines,VCT,2000,160
Samoa,WSM,2000,8
Sao Tome and Principe,STP,2000,18
Sierra Leone,SLE,2000,15000
Small Island Developing States (FAO),,2000,200020.89
South America,,2000,2869700
South America (FAO),,2000,2869700
South-eastern Asia (FAO),,2000,1624388
Southern Asia (FAO),,2000,301862
Sri Lanka,LKA,2000,9790
Suriname,SUR,2000,4
Taiwan,TWN,2000,0
Tanzania,TZA,2000,47800
Thailand,THA,2000,81057
Togo,TGO,2000,15200
Tonga,TON,2000,14.08
Trinidad and Tobago,TTO,2000,553
Uganda,UGA,2000,143475
United States,USA,2000,3950
Upper-middle-income countries,,2000,4363439
Vanuatu,VUT,2000,30
Venezuela,VEN,2000,78440
Vietnam,VNM,2000,802500
Western Africa (FAO),,2000,441335.3
Western Asia (FAO),,2000,11363
World,OWID_WRL,2000,7498777
Yemen,YEM,2000,11363
Zambia,ZMB,2000,2200
Zimbabwe,ZWE,2000,9100
Africa,,2001,1121398.8
Africa (FAO),,2001,1121398.8
Americas (FAO),,2001,4165133.5
Angola,AGO,2001,3300
Asia,,2001,2029551
Asia (FAO),,2001,2029551
Belize,BLZ,2001,229
Benin,BEN,2001,150
Bolivia,BOL,2001,24086
Brazil,BRA,2001,1819569
Burundi,BDI,2001,70980
Cambodia,KHM,2001,300
Cameroon,CMR,2001,70500
Caribbean (FAO),,2001,91651.72
Central African Republic,CAF,2001,12300
Central America (FAO),,2001,1114229.9
China,CHN,2001,17202
China (FAO),,2001,17202
Colombia,COL,2001,656160
Comoros,COM,2001,100.99
Congo,COG,2001,1612
Cook Islands,COK,2001,6.62
Costa Rica,CRI,2001,150289
Cote d'Ivoire,CIV,2001,301127
Cuba,CUB,2001,15720
Democratic Republic of Congo,COD,2001,34723
Dominica,DMA,2001,289.72
Dominican Republic,DOM,2001,35476
East Timor,TLS,2001,14134
Eastern Africa (FAO),,2001,636830.44
Eastern Asia (FAO),,2001,17202
Ecuador,ECU,2001,164790
El Salvador,SLV,2001,112201
Equatorial Guinea,GNQ,2001,5000
Ethiopia,ETH,2001,157155
Fiji,FJI,2001,16.15
French Polynesia,PYF,2001,17.55
Gabon,GAB,2001,78
Ghana,GHA,2001,1379
Guadeloupe,GLP,2001,35
Guatemala,GTM,2001,261096.84
Guinea,GIN,2001,14160
Guyana,GUY,2001,153
Haiti,HTI,2001,28000
High-income countries,,2001,178275.55
Honduras,HND,2001,205545
India,IND,2001,301000
Indonesia,IDN,2001,569234
Jamaica,JAM,2001,2880
Kenya,KEN,2001,51700
Land Locked Developing Countries (FAO),,2001,526639
Laos,LAO,2001,25796
Least Developed Countries (FAO),,2001,761159.75
Liberia,LBR,2001,3200
Low Income Food Deficit Countries (FAO),,2001,907590.75
Low-income countries,,2001,608839.75
Lower-middle-income countries,,2001,2214252
Madagascar,MDG,2001,64530
Malawi,MWI,2001,4320
Malaysia,MYS,2001,38500
Martinique,MTQ,2001,40
Melanesia,OWID_MNS,2001,63807.15
Mexico,MEX,2001,302996
Middle Africa (FAO),,2001,127535
Mozambique,MOZ,2001,782.41
Myanmar,MMR,2001,2300
Nepal,NPL,2001,89
Net Food Importing Developing Countries (FAO),,2001,1785078.6
New Caledonia,NCL,2001,56
Nicaragua,NIC,2001,66799
Nigeria,NGA,2001,3850
North America,,2001,1209511.6
Northern America (FAO),,2001,3630
Oceania,,2001,63853.42
Oceania (FAO),,2001,63853.42
Panama,PAN,2001,15074
Papua New Guinea,PNG,2001,63720
Paraguay,PRY,2001,2751
Peru,PER,2001,196232
Philippines,PHL,2001,112271
Polynesia,OWID_PYA,2001,46.27
Puerto Rico,PRI,2001,8650
Rwanda,RWA,2001,18366
Saint Vincent and the Grenadines,VCT,2001,155
Samoa,WSM,2001,8
Sao Tome and Principe,STP,2001,22
Sierra Leone,SLE,2001,16267.37
Small Island Developing States (FAO),,2001,170148.12
South America,,2001,2955622
South America (FAO),,2001,2955622
South-eastern Asia (FAO),,2001,1689144
Southern Asia (FAO),,2001,311299
Sri Lanka,LKA,2001,10210
Suriname,SUR,2001,4
Taiwan,TWN,2001,0
Tanzania,TZA,2001,58100
Thailand,THA,2001,86009
Togo,TGO,2001,16900
Tonga,TON,2001,14.1
Trinidad and Tobago,TTO,2001,406
Uganda,UGA,2001,197410
United States,USA,2001,3630
Upper-middle-income countries,,2001,4378488
Vanuatu,VUT,2001,15
Venezuela,VEN,2001,91877
Vietnam,VNM,2001,840600
Western Africa (FAO),,2001,357033.38
Western Asia (FAO),,2001,11906
World,OWID_WRL,2001,7379937
Yemen,YEM,2001,11906
Zambia,ZMB,2001,5868
Zimbabwe,ZWE,2001,7518
Africa,,2002,1097192.8
Africa (FAO),,2002,1097192.8
Americas (FAO),,2002,4793795
Angola,AGO,2002,1260
Asia,,2002,1972317.1
Asia (FAO),,2002,1972317.1
Belize,BLZ,2002,227
Benin,BEN,2002,100
Bolivia,BOL,2002,24513
Brazil,BRA,2002,2610524
Burundi,BDI,2002,182182
Cambodia,KHM,2002,300.17
Cameroon,CMR,2002,41000
Caribbean (FAO),,2002,90130.73
Central African Republic,CAF,2002,13000
Central America (FAO),,2002,1045084.25
China,CHN,2002,19456
China (FAO),,2002,19456
Colombia,COL,2002,696840
Comoros,COM,2002,102.67
Congo,COG,2002,1687
Cook Islands,COK,2002,6.78
Costa Rica,CRI,2002,140874
Cote d'Ivoire,CIV,2002,182001
Cuba,CUB,2002,14700
Democratic Republic of Congo,COD,2002,32080
Dominica,DMA,2002,271.73
Dominican Republic,DOM,2002,37330
East Timor,TLS,2002,14000
Eastern Africa (FAO),,2002,767665.3
Eastern Asia (FAO),,2002,19456
Ecuador,ECU,2002,23325
El Salvador,SLV,2002,91513
Equatorial Guinea,GNQ,2002,5000
Ethiopia,ETH,2002,160000
Fiji,FJI,2002,15
French Polynesia,PYF,2002,17.48
Gabon,GAB,2002,180
Ghana,GHA,2002,1464
Guadeloupe,GLP,2002,35
Guatemala,GTM,2002,255091.28
Guinea,GIN,2002,19680
Guyana,GUY,2002,300
Haiti,HTI,2002,27000
High-income countries,,2002,163848.48
Honduras,HND,2002,172727
India,IND,2002,301000
Indonesia,IDN,2002,682019
Jamaica,JAM,2002,2760
Kenya,KEN,2002,51900
Land Locked Developing Countries (FAO),,2002,659469
Laos,LAO,2002,32197
Least Developed Countries (FAO),,2002,889645.9
Liberia,LBR,2002,3345.77
Low Income Food Deficit Countries (FAO),,2002,997060.75
Low-income countries,,2002,720972.06
Lower-middle-income countries,,2002,1898831
Madagascar,MDG,2002,61520
Malawi,MWI,2002,2980
Malaysia,MYS,2002,39200
Martinique,MTQ,2002,37
Melanesia,OWID_MNS,2002,65155.2
Mexico,MEX,2002,313027
Middle Africa (FAO),,2002,94232
Mozambique,MOZ,2002,786.66
Myanmar,MMR,2002,2700
Nepal,NPL,2002,139
Net Food Importing Developing Countries (FAO),,2002,1750467.8
New Caledonia,NCL,2002,20
Nicaragua,NIC,2002,60235
Nigeria,NGA,2002,4100
North America,,2002,1138615
Northern America (FAO),,2002,3400
Oceania,,2002,65201.58
Oceania (FAO),,2002,65201.58
Panama,PAN,2002,11390
Papua New Guinea,PNG,2002,65100
Paraguay,PRY,2002,2434
Peru,PER,2002,212770
Philippines,PHL,2002,107080
Polynesia,OWID_PYA,2002,46.38
Puerto Rico,PRI,2002,7600
Rwanda,RWA,2002,19427
Saint Vincent and the Grenadines,VCT,2002,150
Samoa,WSM,2002,8
Sao Tome and Principe,STP,2002,25
Sierra Leone,SLE,2002,16704.64
Small Island Developing States (FAO),,2002,169990.98
South America,,2002,3655180
South America (FAO),,2002,3655180
South-eastern Asia (FAO),,2002,1630443.1
Southern Asia (FAO),,2002,310919
Sri Lanka,LKA,2002,9780
Suriname,SUR,2002,4
Taiwan,TWN,2002,0
Tanzania,TZA,2002,66170
Thailand,THA,2002,53447
Togo,TGO,2002,7900
Tonga,TON,2002,14.12
Trinidad and Tobago,TTO,2002,247
Uganda,UGA,2002,209547
United States,USA,2002,3400
Upper-middle-income countries,,2002,5144776
Vanuatu,VUT,2002,20.2
Venezuela,VEN,2002,84470
Vietnam,VNM,2002,699500
Western Africa (FAO),,2002,235295.4
Western Asia (FAO),,2002,11499
World,OWID_WRL,2002,7928506.5
Yemen,YEM,2002,11499
Zambia,ZMB,2002,5000
Zimbabwe,ZWE,2002,8050
Africa,,2003,811628.4
Africa (FAO),,2003,811628.4
Americas (FAO),,2003,4138066.5
Angola,AGO,2003,2040
Asia,,2003,2020006
Asia (FAO),,2003,2020006
Belize,BLZ,2003,229
Benin,BEN,2003,60
Bolivia,BOL,2003,24700
Brazil,BRA,2003,1987074
Burundi,BDI,2003,35682
Cambodia,KHM,2003,305.02
Cameroon,CMR,2003,48000
Caribbean (FAO),,2003,95586.74
Central African Republic,CAF,2003,5520
Central America (FAO),,2003,1038303.5
China,CHN,2003,23144
China (FAO),,2003,23144
Colombia,COL,2003,694080
Comoros,COM,2003,100
Congo,COG,2003,2000
Cook Islands,COK,2003,3
Costa Rica,CRI,2003,132259
Cote d'Ivoire,CIV,2003,140027
Cuba,CUB,2003,15000
Democratic Republic of Congo,COD,2003,32050
Dominica,DMA,2003,253.74
Dominican Republic,DOM,2003,36929
East Timor,TLS,2003,12000
Eastern Africa (FAO),,2003,524609.5
Eastern Asia (FAO),,2003,23144
Ecuador,ECU,2003,23579
El Salvador,SLV,2003,81157
Equatorial Guinea,GNQ,2003,5000
Ethiopia,ETH,2003,126188
Fiji,FJI,2003,15.1
French Polynesia,PYF,2003,17.42
Gabon,GAB,2003,120
Ghana,GHA,2003,900
Guadeloupe,GLP,2003,30
Guatemala,GTM,2003,244200
Guinea,GIN,2003,20880
Guyana,GUY,2003,480
Haiti,HTI,2003,30000
High-income countries,,2003,158014.92
Honduras,HND,2003,175284
India,IND,2003,275275
Indonesia,IDN,2003,663571
Jamaica,JAM,2003,3300
Kenya,KEN,2003,55443
Land Locked Developing Countries (FAO),,2003,406973
Laos,LAO,2003,27850
Least Developed Countries (FAO),,2003,630689.44
Liberia,LBR,2003,3538.89
Low Income Food Deficit Countries (FAO),,2003,777204.4
Low-income countries,,2003,475463.4
Lower-middle-income countries,,2003,1952455.9
Madagascar,MDG,2003,70315
Malawi,MWI,2003,2584
Malaysia,MYS,2003,40000
Martinique,MTQ,2003,35
Melanesia,OWID_MNS,2003,69348.96
Mexico,MEX,2003,310861
Middle Africa (FAO),,2003,94752.97
Mozambique,MOZ,2003,801.53
Myanmar,MMR,2003,2960
Nepal,NPL,2003,188
Net Food Importing Developing Countries (FAO),,2003,1415479.2
New Caledonia,NCL,2003,18
Nicaragua,NIC,2003,82727
Nigeria,NGA,2003,4360
North America,,2003,1137650.2
Northern America (FAO),,2003,3760
Oceania,,2003,69391.5
Oceania (FAO),,2003,69391.51
Panama,PAN,2003,11586.5
Papua New Guinea,PNG,2003,69300
Paraguay,PRY,2003,3085
Peru,PER,2003,203148
Philippines,PHL,2003,106388
Polynesia,OWID_PYA,2003,42.55
Puerto Rico,PRI,2003,9308
Rwanda,RWA,2003,13805
Saint Vincent and the Grenadines,VCT,2003,145
Samoa,WSM,2003,8
Sao Tome and Principe,STP,2003,22.97
Sierra Leone,SLE,2003,17000
Small Island Developing States (FAO),,2003,177815.55
South America,,2003,3000416.2
South America (FAO),,2003,3000416.2
South-eastern Asia (FAO),,2003,1700681
Southern Asia (FAO),,2003,284573
Sri Lanka,LKA,2003,9110
Suriname,SUR,2003,5.32
Taiwan,TWN,2003,0
Tanzania,TZA,2003,52320
Thailand,THA,2003,53907
Togo,TGO,2003,5500
Tonga,TON,2003,14.13
Trinidad and Tobago,TTO,2003,586
Uganda,UGA,2003,150871
United States,USA,2003,3760
Upper-middle-income countries,,2003,4453090.5
Vanuatu,VUT,2003,15.85
Venezuela,VEN,2003,64265
Vietnam,VNM,2003,793700
Western Africa (FAO),,2003,192265.89
Western Asia (FAO),,2003,11608
World,OWID_WRL,2003,7039092.5
Yemen,YEM,2003,11608
Zambia,ZMB,2003,6500
Zimbabwe,ZWE,2003,10000
Africa,,2004,1064072.8
Africa (FAO),,2004,1064072.8
Americas (FAO),,2004,4622145.5
Angola,AGO,2004,1980
Asia,,2004,2116732
Asia (FAO),,2004,2116732
Belize,BLZ,2004,231
Benin,BEN,2004,85.77
Bolivia,BOL,2004,24546
Brazil,BRA,2004,2465710
Burundi,BDI,2004,204509
Cambodia,KHM,2004,310
Cameroon,CMR,2004,54000
Caribbean (FAO),,2004,92817.76
Central African Republic,CAF,2004,4320
Central America (FAO),,2004,1027412.8
China,CHN,2004,21659
China (FAO),,2004,21659
Colombia,COL,2004,674400
Comoros,COM,2004,110.1
Congo,COG,2004,2800
Cook Islands,COK,2004,0
Costa Rica,CRI,2004,126000
Cote d'Ivoire,CIV,2004,154081
Cuba,CUB,2004,15240
Democratic Republic of Congo,COD,2004,32020
Dominica,DMA,2004,235.76
Dominican Republic,DOM,2004,35421
East Timor,TLS,2004,14500
Eastern Africa (FAO),,2004,753554.1
Eastern Asia (FAO),,2004,21659
Ecuador,ECU,2004,27932
El Salvador,SLV,2004,83088
Equatorial Guinea,GNQ,2004,4000
Ethiopia,ETH,2004,156170
Fiji,FJI,2004,15.01
French Polynesia,PYF,2004,15
Gabon,GAB,2004,134.33
Ghana,GHA,2004,1140
Guadeloupe,GLP,2004,19
Guatemala,GTM,2004,250279
Guinea,GIN,2004,20220
Guyana,GUY,2004,480
Haiti,HTI,2004,29000
High-income countries,,2004,152188.8
Honduras,HND,2004,185090
India,IND,2004,270500
Indonesia,IDN,2004,647385
Jamaica,JAM,2004,2400
Kenya,KEN,2004,48431
Land Locked Developing Countries (FAO),,2004,619585
Laos,LAO,2004,23100
Least Developed Countries (FAO),,2004,869914.44
Liberia,LBR,2004,3750.57
Low Income Food Deficit Countries (FAO),,2004,989207.44
Low-income countries,,2004,698542.56
Lower-middle-income countries,,2004,2064123.6
Madagascar,MDG,2004,67775
Malawi,MWI,2004,1590
Malaysia,MYS,2004,39200
Martinique,MTQ,2004,37
Melanesia,OWID_MNS,2004,59910.72
Mexico,MEX,2004,312413
Middle Africa (FAO),,2004,99281.33
Mozambique,MOZ,2004,750
Myanmar,MMR,2004,3500
Nepal,NPL,2004,218
Net Food Importing Developing Countries (FAO),,2004,1704937
New Caledonia,NCL,2004,60
Nicaragua,NIC,2004,57533
Nigeria,NGA,2004,4660
North America,,2004,1122770.5
Northern America (FAO),,2004,2540
Oceania,,2004,59948.13
Oceania (FAO),,2004,59948.13
Panama,PAN,2004,12778.8
Papua New Guinea,PNG,2004,59820
Paraguay,PRY,2004,3353
Peru,PER,2004,231447
Philippines,PHL,2004,102865
Polynesia,OWID_PYA,2004,37.41
Puerto Rico,PRI,2004,10206
Rwanda,RWA,2004,20017
Saint Vincent and the Grenadines,VCT,2004,150
Samoa,WSM,2004,8.32
Sao Tome and Principe,STP,2004,27
Sierra Leone,SLE,2004,18000
Small Island Developing States (FAO),,2004,168117.98
South America,,2004,3499375
South America (FAO),,2004,3499375
South-eastern Asia (FAO),,2004,1806425
Southern Asia (FAO),,2004,278388
Sri Lanka,LKA,2004,7670
Suriname,SUR,2004,4
Taiwan,TWN,2004,0
Tanzania,TZA,2004,72440
Thailand,THA,2004,61765
Togo,TGO,2004,9300
Tonga,TON,2004,14.09
Trinidad and Tobago,TTO,2004,109
Uganda,UGA,2004,170081
United States,USA,2004,2540
Upper-middle-income countries,,2004,4947987.5
Vanuatu,VUT,2004,15.71
Venezuela,VEN,2004,71503
Vietnam,VNM,2004,913800
Western Africa (FAO),,2004,211237.34
Western Asia (FAO),,2004,10260
World,OWID_WRL,2004,7862898.5
Yemen,YEM,2004,10260
Zambia,ZMB,2004,5881
Zimbabwe,ZWE,2004,5800
Africa,,2005,986411.9
Africa (FAO),,2005,986411.9
Americas (FAO),,2005,4292592
Angola,AGO,2005,3500
Asia,,2005,2036915.6
Asia (FAO),,2005,2036915.6
Belize,BLZ,2005,54
Benin,BEN,2005,82.25
Bolivia,BOL,2005,24976
Brazil,BRA,2005,2140169
Burundi,BDI,2005,34828
Cambodia,KHM,2005,319.57
Cameroon,CMR,2005,60000
Caribbean (FAO),,2005,103728.8
Central African Republic,CAF,2005,3300
Central America (FAO),,2005,1055575
China,CHN,2005,21919
China (FAO),,2005,21919
Colombia,COL,2005,667140
Comoros,COM,2005,120
Congo,COG,2005,3300
Cook Islands,COK,2005,0.14
Costa Rica,CRI,2005,125669
Cote d'Ivoire,CIV,2005,230000
Cuba,CUB,2005,10800
Democratic Republic of Congo,COD,2005,31990
Dominica,DMA,2005,217.8
Dominican Republic,DOM,2005,40303
East Timor,TLS,2005,14500
Eastern Africa (FAO),,2005,591871.6
Eastern Asia (FAO),,2005,21919
Ecuador,ECU,2005,40805
El Salvador,SLV,2005,87963
Equatorial Guinea,GNQ,2005,4000
Ethiopia,ETH,2005,171631
Fiji,FJI,2005,15
French Polynesia,PYF,2005,16
Gabon,GAB,2005,100
Ghana,GHA,2005,1200
Guadeloupe,GLP,2005,25
Guatemala,GTM,2005,248277
Guinea,GIN,2005,20770
Guyana,GUY,2005,480
Haiti,HTI,2005,35000
High-income countries,,2005,151350
Honduras,HND,2005,190640
India,IND,2005,275500
Indonesia,IDN,2005,640365
Jamaica,JAM,2005,8897
Kenya,KEN,2005,45200
Land Locked Developing Countries (FAO),,2005,451407.62
Laos,LAO,2005,25000
Least Developed Countries (FAO),,2005,724062.5
Liberia,LBR,2005,4080
Low Income Food Deficit Countries (FAO),,2005,877973.25
Low-income countries,,2005,518418
Lower-middle-income countries,,2005,2161046.5
Madagascar,MDG,2005,55500
Malawi,MWI,2005,1181
Malaysia,MYS,2005,40000
Martinique,MTQ,2005,33
Melanesia,OWID_MNS,2005,76134
Mexico,MEX,2005,294364
Middle Africa (FAO),,2005,106218
Mozambique,MOZ,2005,680
Myanmar,MMR,2005,4000
Nepal,NPL,2005,250
Net Food Importing Developing Countries (FAO),,2005,1599057.4
New Caledonia,NCL,2005,25
Nicaragua,NIC,2005,95455
Nigeria,NGA,2005,4990
North America,,2005,1163022.8
Northern America (FAO),,2005,3719
Oceania,,2005,76174.22
Oceania (FAO),,2005,76174.21
Panama,PAN,2005,13153
Papua New Guinea,PNG,2005,76080
Paraguay,PRY,2005,2900
Peru,PER,2005,188611
Philippines,PHL,2005,105847
Polynesia,OWID_PYA,2005,40.21
Puerto Rico,PRI,2005,7938
Rwanda,RWA,2005,18597
Saint Vincent and the Grenadines,VCT,2005,165
Samoa,WSM,2005,8.39
Sao Tome and Principe,STP,2005,28
Sierra Leone,SLE,2005,20000
Small Island Developing States (FAO),,2005,195089.02
South America,,2005,3129569
South America (FAO),,2005,3129569
South-eastern Asia (FAO),,2005,1720675.6
Southern Asia (FAO),,2005,282990
Sri Lanka,LKA,2005,7240
Suriname,SUR,2005,4
Taiwan,TWN,2005,0
Tanzania,TZA,2005,95390
Thailand,THA,2005,59644
Togo,TGO,2005,7200
Tonga,TON,2005,15.69
Trinidad and Tobago,TTO,2005,350
Uganda,UGA,2005,158100
United States,USA,2005,3719
Upper-middle-income countries,,2005,4561221
Vanuatu,VUT,2005,14
Venezuela,VEN,2005,64484
Vietnam,VNM,2005,831000
Western Africa (FAO),,2005,288322.25
Western Asia (FAO),,2005,11331
World,OWID_WRL,2005,7392093.5
Yemen,YEM,2005,11331
Zambia,ZMB,2005,6684.64
Zimbabwe,ZWE,2005,3960
Africa,,2006,1061882.8
Africa (FAO),,2006,1061882.8
Americas (FAO),,2006,4818186.5
Angola,AGO,2006,5000
Asia,,2006,2219260
Asia (FAO),,2006,2219260
Belize,BLZ,2006,95
Benin,BEN,2006,60
Bolivia,BOL,2006,25272
Brazil,BRA,2006,2573368
Burundi,BDI,2006,149460
Cambodia,KHM,2006,300
Cameroon,CMR,2006,62300
Caribbean (FAO),,2006,105614.22
Central African Republic,CAF,2006,1500
Central America (FAO),,2006,1003384.4
China,CHN,2006,25655
China (FAO),,2006,25655
Colombia,COL,2006,724740
Comoros,COM,2006,119.09
Congo,COG,2006,3000
Cook Islands,COK,2006,0
Costa Rica,CRI,2006,101038
Cote d'Ivoire,CIV,2006,187000
Cuba,CUB,2006,8400
Democratic Republic of Congo,COD,2006,31960
Dominica,DMA,2006,199.84
Dominican Republic,DOM,2006,41352.17
East Timor,TLS,2006,14000
Eastern Africa (FAO),,2006,702446.8
Eastern Asia (FAO),,2006,25655
Ecuador,ECU,2006,31461
El Salvador,SLV,2006,85350
Equatorial Guinea,GNQ,2006,4500
Ethiopia,ETH,2006,241482
Fiji,FJI,2006,14.43
French Polynesia,PYF,2006,16.84
Gabon,GAB,2006,120
Ghana,GHA,2006,1740
Guadeloupe,GLP,2006,24
Guatemala,GTM,2006,240331.38
Guinea,GIN,2006,23226
Guyana,GUY,2006,480
Haiti,HTI,2006,35000
High-income countries,,2006,125758.04
Honduras,HND,2006,213636
India,IND,2006,274000
Indonesia,IDN,2006,682158
Jamaica,JAM,2006,12390
Kenya,KEN,2006,48300
Land Locked Developing Countries (FAO),,2006,612754.7
Laos,LAO,2006,25250
Least Developed Countries (FAO),,2006,843824.8
Liberia,LBR,2006,4260
Low Income Food Deficit Countries (FAO),,2006,975103.06
Low-income countries,,2006,695313
Lower-middle-income countries,,2006,2186543.2
Madagascar,MDG,2006,61635
Malawi,MWI,2006,2091
Malaysia,MYS,2006,32779
Martinique,MTQ,2006,30
Melanesia,OWID_MNS,2006,48474.96
Mexico,MEX,2006,279635
Middle Africa (FAO),,2006,108410
Mozambique,MOZ,2006,700
Myanmar,MMR,2006,4800
Nepal,NPL,2006,300
Net Food Importing Developing Countries (FAO),,2006,1795464.2
New Caledonia,NCL,2006,25
Nicaragua,NIC,2006,70455
Nigeria,NGA,2006,5340
North America,,2006,1112309.6
Northern America (FAO),,2006,3311
Oceania,,2006,48518.24
Oceania (FAO),,2006,48518.24
Panama,PAN,2006,12844
Papua New Guinea,PNG,2006,48420
Paraguay,PRY,2006,3040
Peru,PER,2006,273178
Philippines,PHL,2006,104093
Polynesia,OWID_PYA,2006,43.28
Puerto Rico,PRI,2006,7323.2
Rwanda,RWA,2006,22223
Saint Vincent and the Grenadines,VCT,2006,175
Samoa,WSM,2006,8.44
Sao Tome and Principe,STP,2006,30
Sierra Leone,SLE,2006,20500
Small Island Developing States (FAO),,2006,168862.56
South America,,2006,3705877
South America (FAO),,2006,3705877
South-eastern Asia (FAO),,2006,1895553
Southern Asia (FAO),,2006,280760
Sri Lanka,LKA,2006,6460
Suriname,SUR,2006,6
Taiwan,TWN,2006,0
Tanzania,TZA,2006,34300
Thailand,THA,2006,46873
Togo,TGO,2006,8900
Tonga,TON,2006,18
Trinidad and Tobago,TTO,2006,720
Uganda,UGA,2006,133310
United States,USA,2006,3311
Upper-middle-income countries,,2006,5140179.5
Vanuatu,VUT,2006,15.53
Venezuela,VEN,2006,74332
Vietnam,VNM,2006,985300
Western Africa (FAO),,2006,251026
Western Asia (FAO),,2006,17292
World,OWID_WRL,2006,8147847.5
Yemen,YEM,2006,17292
Zambia,ZMB,2006,6126.7
Zimbabwe,ZWE,2006,2700
Africa,,2007,998151.2
Africa (FAO),,2007,998151.2
Americas (FAO),,2007,4583816.5
Angola,AGO,2007,11523
Asia,,2007,2494485
Asia (FAO),,2007,2494485
Belize,BLZ,2007,45
Benin,BEN,2007,60
Bolivia,BOL,2007,27012
Brazil,BRA,2007,2249011
Burundi,BDI,2007,31964
Cambodia,KHM,2007,320
Cameroon,CMR,2007,47792
Caribbean (FAO),,2007,124004.45
Central African Republic,CAF,2007,2400
Central America (FAO),,2007,1084729
China,CHN,2007,26000
China (FAO),,2007,26000
Colombia,COL,2007,757080
Comoros,COM,2007,120.8
Congo,COG,2007,3000
Cook Islands,COK,2007,0
Costa Rica,CRI,2007,121058
Cote d'Ivoire,CIV,2007,170849
Cuba,CUB,2007,13500
Democratic Republic of Congo,COD,2007,31930
Dominica,DMA,2007,82
Dominican Republic,DOM,2007,41231.97
East Timor,TLS,2007,14000
Eastern Africa (FAO),,2007,661635.6
Eastern Asia (FAO),,2007,26000
Ecuador,ECU,2007,38687
El Salvador,SLV,2007,96355
Equatorial Guinea,GNQ,2007,4397.59
Ethiopia,ETH,2007,273400
Fiji,FJI,2007,14.76
French Polynesia,PYF,2007,17.14
Gabon,GAB,2007,125
Ghana,GHA,2007,1860
Guatemala,GTM,2007,248613.98
Guinea,GIN,2007,26556
Guyana,GUY,2007,480
Haiti,HTI,2007,47000
High-income countries,,2007,145659.62
Honduras,HND,2007,236302
India,IND,2007,288000
Indonesia,IDN,2007,676475
Jamaica,JAM,2007,15117
Kenya,KEN,2007,53368
Land Locked Developing Countries (FAO),,2007,568259.8
Laos,LAO,2007,33200
Least Developed Countries (FAO),,2007,831589.6
Liberia,LBR,2007,3180
Low Income Food Deficit Countries (FAO),,2007,969234.75
Low-income countries,,2007,640126
Lower-middle-income countries,,2007,2537049.2
Madagascar,MDG,2007,56470
Malawi,MWI,2007,1403
Malaysia,MYS,2007,21213
Melanesia,OWID_MNS,2007,58131.32
Mexico,MEX,2007,268565
Middle Africa (FAO),,2007,101190.55
Mozambique,MOZ,2007,720
Myanmar,MMR,2007,5900
Nepal,NPL,2007,460
Net Food Importing Developing Countries (FAO),,2007,1761137.8
New Caledonia,NCL,2007,21
Nicaragua,NIC,2007,100000
Nigeria,NGA,2007,2520
North America,,2007,1212133.4
Northern America (FAO),,2007,3400
Oceania,,2007,58173.59
Oceania (FAO),,2007,58173.59
Panama,PAN,2007,13790
Papua New Guinea,PNG,2007,58080
Paraguay,PRY,2007,3100
Peru,PER,2007,225992
Philippines,PHL,2007,97877
Polynesia,OWID_PYA,2007,42.26
Puerto Rico,PRI,2007,6833.48
Rwanda,RWA,2007,14683
Saint Vincent and the Grenadines,VCT,2007,180
Samoa,WSM,2007,8
Sao Tome and Principe,STP,2007,22.96
Sierra Leone,SLE,2007,21000
Small Island Developing States (FAO),,2007,196856.8
South America,,2007,3371683
South America (FAO),,2007,3371683
South-eastern Asia (FAO),,2007,2155645
Southern Asia (FAO),,2007,294510
Sri Lanka,LKA,2007,6050
Suriname,SUR,2007,10
Taiwan,TWN,2007,0
Tanzania,TZA,2007,48869
Thailand,THA,2007,55660
Togo,TGO,2007,9300
Tonga,TON,2007,17.12
Trinidad and Tobago,TTO,2007,60
Uganda,UGA,2007,175346
United States,USA,2007,3400
Upper-middle-income countries,,2007,4811791.5
Vanuatu,VUT,2007,15.57
Venezuela,VEN,2007,70311
Vietnam,VNM,2007,1251000
Western Africa (FAO),,2007,235325
Western Asia (FAO),,2007,18330
World,OWID_WRL,2007,8134626
Yemen,YEM,2007,18330
Zambia,ZMB,2007,3431.84
Zimbabwe,ZWE,2007,1860
Africa,,2008,1079877.6
Africa (FAO),,2008,1079877.6
Americas (FAO),,2008,5043730
Angola,AGO,2008,4000
Asia,,2008,2304398
Asia (FAO),,2008,2304398
Belize,BLZ,2008,90
Benin,BEN,2008,70.43
Bolivia,BOL,2008,27305
Brazil,BRA,2008,2796927
Burundi,BDI,2008,100475
Cambodia,KHM,2008,330
Cameroon,CMR,2008,50687
Caribbean (FAO),,2008,92867.68
Central African Republic,CAF,2008,3300
Central America (FAO),,2008,1055361.4
China,CHN,2008,33278
China (FAO),,2008,33278
Colombia,COL,2008,688680
Comoros,COM,2008,122.62
Congo,COG,2008,2400
Cook Islands,COK,2008,0.12
Costa Rica,CRI,2008,111959
Cote d'Ivoire,CIV,2008,173118
Cuba,CUB,2008,6240
Democratic Republic of Congo,COD,2008,31900
Dominica,DMA,2008,67
Dominican Republic,DOM,2008,35582.42
East Timor,TLS,2008,14009
Eastern Africa (FAO),,2008,745240.7
Eastern Asia (FAO),,2008,33278
Ecuador,ECU,2008,32096
El Salvador,SLV,2008,97727
Equatorial Guinea,GNQ,2008,4299.55
Ethiopia,ETH,2008,260239
Fiji,FJI,2008,14.85
French Polynesia,PYF,2008,16
Gabon,GAB,2008,125.99
Ghana,GHA,2008,1620
Guatemala,GTM,2008,254914.38
Guinea,GIN,2008,27353
Guyana,GUY,2008,480
Haiti,HTI,2008,35000
High-income countries,,2008,136505.27
Honduras,HND,2008,240948
India,IND,2008,262000
Indonesia,IDN,2008,698016
Jamaica,JAM,2008,9035
Kenya,KEN,2008,42000
Land Locked Developing Countries (FAO),,2008,672673.06
Laos,LAO,2008,38985
Least Developed Countries (FAO),,2008,915099.06
Liberia,LBR,2008,2400
Low Income Food Deficit Countries (FAO),,2008,1017375
Low-income countries,,2008,738725
Lower-middle-income countries,,2008,2277233
Madagascar,MDG,2008,56978
Malawi,MWI,2008,1122
Malaysia,MYS,2008,23061
Melanesia,OWID_MNS,2008,61742.85
Mexico,MEX,2008,260442
Middle Africa (FAO),,2008,96732.48
Mozambique,MOZ,2008,730
Myanmar,MMR,2008,6300
Nepal,NPL,2008,500
Net Food Importing Developing Countries (FAO),,2008,1871457.4
New Caledonia,NCL,2008,33
Nicaragua,NIC,2008,75957
Nigeria,NGA,2008,3000
North America,,2008,1152179
Northern America (FAO),,2008,3950
Oceania,,2008,61783.86
Oceania (FAO),,2008,61783.86
Panama,PAN,2008,13324
Papua New Guinea,PNG,2008,61680
Paraguay,PRY,2008,273
Peru,PER,2008,273780
Philippines,PHL,2008,97428
Polynesia,OWID_PYA,2008,41.01
Puerto Rico,PRI,2008,6683.26
Rwanda,RWA,2008,20724
Saint Vincent and the Grenadines,VCT,2008,200
Samoa,WSM,2008,8
Sao Tome and Principe,STP,2008,19.95
Sierra Leone,SLE,2008,21200
Small Island Developing States (FAO),,2008,169383.11
South America,,2008,3891551
South America (FAO),,2008,3891551
South-eastern Asia (FAO),,2008,1984382
Southern Asia (FAO),,2008,267950
Sri Lanka,LKA,2008,5450
Suriname,SUR,2008,10
Taiwan,TWN,2008,0
Tanzania,TZA,2008,43100
Thailand,THA,2008,50442
Togo,TGO,2008,9143
Tonga,TON,2008,16.89
Trinidad and Tobago,TTO,2008,60
Uganda,UGA,2008,211726
United States,USA,2008,3950
Upper-middle-income countries,,2008,5337326
Vanuatu,VUT,2008,15
Venezuela,VEN,2008,72000
Vietnam,VNM,2008,1055811
Western Africa (FAO),,2008,237904.44
Western Asia (FAO),,2008,18788
World,OWID_WRL,2008,8489790
Yemen,YEM,2008,18788
Zambia,ZMB,2008,6584.09
Zimbabwe,ZWE,2008,1440
Africa,,2009,1002789.75
Africa (FAO),,2009,1002789.75
Americas (FAO),,2009,4384681.5
Angola,AGO,2009,11982
Asia,,2009,2330024.5
Asia (FAO),,2009,2330024.5
Belize,BLZ,2009,105.19
Benin,BEN,2009,67.34
Bolivia,BOL,2009,28270
Brazil,BRA,2009,2440056
Burundi,BDI,2009,20517
Cambodia,KHM,2009,350
Cameroon,CMR,2009,48123
Caribbean (FAO),,2009,86152.29
Central African Republic,CAF,2009,3544
Central America (FAO),,2009,1016527.44
China,CHN,2009,70405
China (FAO),,2009,70405
Colombia,COL,2009,468720
Comoros,COM,2009,124.24
Congo,COG,2009,2700
Cook Islands,COK,2009,0.37
Costa Rica,CRI,2009,91403
Cote d'Ivoire,CIV,2009,142945
Cuba,CUB,2009,7980
Democratic Republic of Congo,COD,2009,31870
Dominica,DMA,2009,58
Dominican Republic,DOM,2009,37950
East Timor,TLS,2009,10122
Eastern Africa (FAO),,2009,689844.75
Eastern Asia (FAO),,2009,70405
Ecuador,ECU,2009,33624
El Salvador,SLV,2009,76591
Equatorial Guinea,GNQ,2009,4000
Ethiopia,ETH,2009,265469
Fiji,FJI,2009,15
French Polynesia,PYF,2009,17.69
Gabon,GAB,2009,122.8
Ghana,GHA,2009,1860
Guatemala,GTM,2009,247502.69
Guinea,GIN,2009,28173
Guyana,GUY,2009,420
Haiti,HTI,2009,21022
High-income countries,,2009,115226.98
Honduras,HND,2009,231288
India,IND,2009,262300
Indonesia,IDN,2009,682591
Jamaica,JAM,2009,12456
Kenya,KEN,2009,54000
Land Locked Developing Countries (FAO),,2009,593537.5
Laos,LAO,2009,46035
Least Developed Countries (FAO),,2009,849460
Liberia,LBR,2009,1800
Low Income Food Deficit Countries (FAO),,2009,965117.94
Low-income countries,,2009,654807.9
Lower-middle-income countries,,2009,2281280.8
Madagascar,MDG,2009,57491
Malawi,MWI,2009,5510
Malaysia,MYS,2009,16332
Melanesia,OWID_MNS,2009,60279.38
Mexico,MEX,2009,264472
Middle Africa (FAO),,2009,102359.69
Mozambique,MOZ,2009,740
Myanmar,MMR,2009,7000
Nepal,NPL,2009,268
Net Food Importing Developing Countries (FAO),,2009,1725306.5
New Caledonia,NCL,2009,9
Nicaragua,NIC,2009,92204.55
Nigeria,NGA,2009,2040
North America,,2009,1106629.8
Northern America (FAO),,2009,3950
Oceania,,2009,60322.09
Oceania (FAO),,2009,60322.09
Panama,PAN,2009,12961
Papua New Guinea,PNG,2009,60240
Paraguay,PRY,2009,281
Peru,PER,2009,243479
Philippines,PHL,2009,96433
Polynesia,OWID_PYA,2009,42.71
Puerto Rico,PRI,2009,6337.28
Rwanda,RWA,2009,19371.89
Saint Vincent and the Grenadines,VCT,2009,220
Samoa,WSM,2009,8
Sao Tome and Principe,STP,2009,17.9
Sierra Leone,SLE,2009,22000
Small Island Developing States (FAO),,2009,157272.7
South America,,2009,3278052
South America (FAO),,2009,3278052
South-eastern Asia (FAO),,2009,1972717.6
Southern Asia (FAO),,2009,267978
Sri Lanka,LKA,2009,5410
Suriname,SUR,2009,9
Taiwan,TWN,2009,0
Tanzania,TZA,2009,62350
Thailand,THA,2009,56315
Togo,TGO,2009,11700
Tonga,TON,2009,16.65
Trinidad and Tobago,TTO,2009,129.01
Uganda,UGA,2009,195871
United States,USA,2009,3950
Upper-middle-income countries,,2009,4726502.5
Vanuatu,VUT,2009,15.38
Venezuela,VEN,2009,63193
Vietnam,VNM,2009,1057539.6
Western Africa (FAO),,2009,210585.34
Western Asia (FAO),,2009,18924
World,OWID_WRL,2009,7777818
Yemen,YEM,2009,18924
Zambia,ZMB,2009,7140.61
Zimbabwe,ZWE,2009,1260
Africa,,2010,1086196.2
Africa (FAO),,2010,1086196.2
Americas (FAO),,2010,4942636.5
Angola,AGO,2010,9951
Asia,,2010,2379412.2
Asia (FAO),,2010,2379412.2
Belize,BLZ,2010,90.46
Benin,BEN,2010,60
Bolivia,BOL,2010,27327.02
Brazil,BRA,2010,2907265
Burundi,BDI,2010,89960
Cambodia,KHM,2010,362.29
Cameroon,CMR,2010,66584
Caribbean (FAO),,2010,66749.06
Central African Republic,CAF,2010,5270
Central America (FAO),,2010,1033490.2
China,CHN,2010,49596
China (FAO),,2010,49596
Colombia,COL,2010,535380
Comoros,COM,2010,125.78
Congo,COG,2010,2826.61
Cook Islands,COK,2010,0.35
Costa Rica,CRI,2010,91620
Cote d'Ivoire,CIV,2010,94372
Cuba,CUB,2010,8430
Democratic Republic of Congo,COD,2010,31840
Dominica,DMA,2010,45
Dominican Republic,DOM,2010,21876
East Timor,TLS,2010,12653
Eastern Africa (FAO),,2010,800056.75
Eastern Asia (FAO),,2010,49596
Ecuador,ECU,2010,31347
El Salvador,SLV,2010,112636
Equatorial Guinea,GNQ,2010,4250.71
Ethiopia,ETH,2010,370569
Fiji,FJI,2010,15.15
French Polynesia,PYF,2010,18.11
Gabon,GAB,2010,121.76
Ghana,GHA,2010,1200
Guatemala,GTM,2010,248355.44
Guinea,GIN,2010,29018
Guyana,GUY,2010,420
Haiti,HTI,2010,20968
High-income countries,,2010,114640.6
Honduras,HND,2010,244335
India,IND,2010,289600
Indonesia,IDN,2010,684076
Jamaica,JAM,2010,9121
Kenya,KEN,2010,42000
Land Locked Developing Countries (FAO),,2010,738547
Laos,LAO,2010,46290
Least Developed Countries (FAO),,2010,978750.5
Liberia,LBR,2010,600
Low Income Food Deficit Countries (FAO),,2010,1085526.1
Low-income countries,,2010,804309.3
Lower-middle-income countries,,2010,2282109.5
Madagascar,MDG,2010,58178
Malawi,MWI,2010,4176
Malaysia,MYS,2010,15768
Melanesia,OWID_MNS,2010,52263.62
Mexico,MEX,2010,245271
Middle Africa (FAO),,2010,120859.24
Mozambique,MOZ,2010,770
Myanmar,MMR,2010,7300
Nepal,NPL,2010,307
Net Food Importing Developing Countries (FAO),,2010,1853496.5
New Caledonia,NCL,2010,13
Nicaragua,NIC,2010,78712.27
Nigeria,NGA,2010,2400
North America,,2010,1104229.2
Northern America (FAO),,2010,3990
Oceania,,2010,52308.44
Oceania (FAO),,2010,52308.43
Panama,PAN,2010,12470
Papua New Guinea,PNG,2010,52220
Paraguay,PRY,2010,370
Peru,PER,2010,264605
Philippines,PHL,2010,94536
Polynesia,OWID_PYA,2010,44.81
Puerto Rico,PRI,2010,6058.22
Rwanda,RWA,2010,19319
Saint Vincent and the Grenadines,VCT,2010,199.57
Samoa,WSM,2010,10
Sao Tome and Principe,STP,2010,15.17
Sierra Leone,SLE,2010,26130.3
Small Island Developing States (FAO),,2010,132368.31
South America,,2010,3838407.5
South America (FAO),,2010,3838407.5
South-eastern Asia (FAO),,2010,2015640.2
Southern Asia (FAO),,2010,295147
Sri Lanka,LKA,2010,5240
Suriname,SUR,2010,6.41
Taiwan,TWN,2010,0
Tanzania,TZA,2010,40000
Thailand,THA,2010,48955
Togo,TGO,2010,11500
Tonga,TON,2010,16.36
Trinidad and Tobago,TTO,2010,51.27
Uganda,UGA,2010,166968
United States,USA,2010,3990
Upper-middle-income countries,,2010,5259494
Vanuatu,VUT,2010,15.47
Venezuela,VEN,2010,71687
Vietnam,VNM,2010,1105700
Western Africa (FAO),,2010,165280.3
Western Asia (FAO),,2010,19029
World,OWID_WRL,2010,8460554
Yemen,YEM,2010,19029
Zambia,ZMB,2010,7390.95
Zimbabwe,ZWE,2010,600
Africa,,2011,988470.75
Africa (FAO),,2011,988470.75
Americas (FAO),,2011,4774524
Angola,AGO,2011,10192
Asia,,2011,2521749.8
Asia (FAO),,2011,2521749.8
Belize,BLZ,2011,90.68
Benin,BEN,2011,65
Bolivia,BOL,2011,27596.4
Brazil,BRA,2011,2700540
Burundi,BDI,2011,41960
Cambodia,KHM,2011,348.8
Cameroon,CMR,2011,26322
Cape Verde,CPV,2011,62
Caribbean (FAO),,2011,68384.36
Central African Republic,CAF,2011,6217.62
Central America (FAO),,2011,1077735.9
China,CHN,2011,65384
China (FAO),,2011,65384
Colombia,COL,2011,468540
Comoros,COM,2011,127.35
Congo,COG,2011,2900.7
Cook Islands,COK,2011,0.33
Costa Rica,CRI,2011,95038
Cote d'Ivoire,CIV,2011,32291
Cuba,CUB,2011,10150
Democratic Republic of Congo,COD,2011,31810
Dominica,DMA,2011,498
Dominican Republic,DOM,2011,22679.85
East Timor,TLS,2011,8320
Eastern Africa (FAO),,2011,797150
Eastern Asia (FAO),,2011,65384
Ecuador,ECU,2011,23829
El Salvador,SLV,2011,82095
Equatorial Guinea,GNQ,2011,4342.63
Ethiopia,ETH,2011,376823
Fiji,FJI,2011,16.47
French Polynesia,PYF,2011,20
Gabon,GAB,2011,118.56
Ghana,GHA,2011,550
Guatemala,GTM,2011,265401.44
Guinea,GIN,2011,30320
Guyana,GUY,2011,420
Haiti,HTI,2011,20958
High-income countries,,2011,114580.6
Honduras,HND,2011,284347
India,IND,2011,302000
Indonesia,IDN,2011,638600
Jamaica,JAM,2011,8099
Kenya,KEN,2011,36300
Land Locked Developing Countries (FAO),,2011,730245.6
Laos,LAO,2011,52010
Least Developed Countries (FAO),,2011,991433.1
Liberia,LBR,2011,649.83
Low Income Food Deficit Countries (FAO),,2011,1075786.5
Low-income countries,,2011,793389.2
Lower-middle-income countries,,2011,2472534.8
Madagascar,MDG,2011,55698.04
Malawi,MWI,2011,4015
Malaysia,MYS,2011,15064
Melanesia,OWID_MNS,2011,84920.94
Mexico,MEX,2011,237056
Middle Africa (FAO),,2011,81909.12
Mozambique,MOZ,2011,800
Myanmar,MMR,2011,7600
Nepal,NPL,2011,402
Net Food Importing Developing Countries (FAO),,2011,1877275.1
New Caledonia,NCL,2011,19
Nicaragua,NIC,2011,103881.73
Nigeria,NGA,2011,2524.57
North America,,2011,1149567.2
Northern America (FAO),,2011,3447
Oceania,,2011,84967.29
Oceania (FAO),,2011,84967.29
Panama,PAN,2011,9826
Papua New Guinea,PNG,2011,84870
Paraguay,PRY,2011,370
Peru,PER,2011,331547
Philippines,PHL,2011,88526
Polynesia,OWID_PYA,2011,46.35
Puerto Rico,PRI,2011,5737.88
Rwanda,RWA,2011,21820.4
Saint Vincent and the Grenadines,VCT,2011,188.91
Samoa,WSM,2011,10
Sao Tome and Principe,STP,2011,5.6
Sierra Leone,SLE,2011,30449.28
Small Island Developing States (FAO),,2011,162382.88
South America,,2011,3624957
South America (FAO),,2011,3624957
South-eastern Asia (FAO),,2011,2129368.8
Southern Asia (FAO),,2011,307722
Sri Lanka,LKA,2011,5320
Suriname,SUR,2011,5.61
Taiwan,TWN,2011,0
Tanzania,TZA,2011,60575
Thailand,THA,2011,42394
Togo,TGO,2011,12500
Tonga,TON,2011,16.02
Trinidad and Tobago,TTO,2011,72.72
Uganda,UGA,2011,191371
United States,USA,2011,3447
Upper-middle-income countries,,2011,4989207
Vanuatu,VUT,2011,15.47
Venezuela,VEN,2011,72109
Vietnam,VNM,2011,1276506
Western Africa (FAO),,2011,109411.68
Western Asia (FAO),,2011,19275
World,OWID_WRL,2011,8369712
Yemen,YEM,2011,19275
Zambia,ZMB,2011,7120.19
Zimbabwe,ZWE,2011,540
Africa,,2012,976187.06
Africa (FAO),,2012,976187.06
Americas (FAO),,2012,5154999.5
Angola,AGO,2012,11740.03
Asia,,2012,2623674
Asia (FAO),,2012,2623674
Belize,BLZ,2012,88.98
Benin,BEN,2012,68
Bolivia,BOL,2012,28136.86
Brazil,BRA,2012,3037534
Burundi,BDI,2012,26340
Cambodia,KHM,2012,350.04
Cameroon,CMR,2012,38127
Cape Verde,CPV,2012,88
Caribbean (FAO),,2012,68537.58
Central African Republic,CAF,2012,6922.63
Central America (FAO),,2012,1166399.8
China,CHN,2012,92064
China (FAO),,2012,92064
Colombia,COL,2012,462000
Comoros,COM,2012,130
Congo,COG,2012,2934.58
Cook Islands,COK,2012,0.32
Costa Rica,CRI,2012,117873
Cote d'Ivoire,CIV,2012,121426
Cuba,CUB,2012,7560
Democratic Republic of Congo,COD,2012,31561.74
Dominica,DMA,2012,370.81
Dominican Republic,DOM,2012,27009
East Timor,TLS,2012,3660
Eastern Africa (FAO),,2012,691184.06
Eastern Asia (FAO),,2012,92064
Ecuador,ECU,2012,7340.03
El Salvador,SLV,2012,89489
Equatorial Guinea,GNQ,2012,4594.72
Ethiopia,ETH,2012,275530
Fiji,FJI,2012,17.83
French Polynesia,PYF,2012,20
Gabon,GAB,2012,117.01
Ghana,GHA,2012,600
Guatemala,GTM,2012,272432
Guinea,GIN,2012,17907
Guyana,GUY,2012,420
Haiti,HTI,2012,20930
High-income countries,,2012,137353.78
Honduras,HND,2012,343403
India,IND,2012,314000
Indonesia,IDN,2012,691163
Jamaica,JAM,2012,6687
Kenya,KEN,2012,49000
Land Locked Developing Countries (FAO),,2012,644770.9
Laos,LAO,2012,87330
Least Developed Countries (FAO),,2012,896865.9
Liberia,LBR,2012,650.19
Low Income Food Deficit Countries (FAO),,2012,955958.75
Low-income countries,,2012,672743.25
Lower-middle-income countries,,2012,2610252.2
Madagascar,MDG,2012,53363.68
Malawi,MWI,2012,5684
Malaysia,MYS,2012,10427
Melanesia,OWID_MNS,2012,43659.29
Mexico,MEX,2012,246121
Middle Africa (FAO),,2012,96003.91
Mozambique,MOZ,2012,900
Myanmar,MMR,2012,8000
Nepal,NPL,2012,425
Net Food Importing Developing Countries (FAO),,2012,1928815.8
New Caledonia,NCL,2012,6
Nicaragua,NIC,2012,86943.73
Nigeria,NGA,2012,2416.92
North America,,2012,1238112.2
Northern America (FAO),,2012,3175
Oceania,,2012,43706.34
Oceania (FAO),,2012,43706.34
Panama,PAN,2012,10049
Papua New Guinea,PNG,2012,43620
Paraguay,PRY,2012,370
Peru,PER,2012,320163.56
Philippines,PHL,2012,88943
Polynesia,OWID_PYA,2012,47.05
Puerto Rico,PRI,2012,5760
Rwanda,RWA,2012,19995
Saint Vincent and the Grenadines,VCT,2012,170
Samoa,WSM,2012,11
Sao Tome and Principe,STP,2012,6.2
Sierra Leone,SLE,2012,35000
Small Island Developing States (FAO),,2012,116643.07
South America,,2012,3916887.5
South America (FAO),,2012,3916887.5
South-eastern Asia (FAO),,2012,2191797
Southern Asia (FAO),,2012,319985
Sri Lanka,LKA,2012,5560
Suriname,SUR,2012,5.97
Taiwan,TWN,2012,0
Tanzania,TZA,2012,66204
Thailand,THA,2012,41461
Togo,TGO,2012,10843
Tonga,TON,2012,15.73
Trinidad and Tobago,TTO,2012,50.78
Uganda,UGA,2012,186125
United States,USA,2012,3175
Upper-middle-income countries,,2012,5378217.5
Vanuatu,VUT,2012,15.46
Venezuela,VEN,2012,60917
Vietnam,VNM,2012,1260463
Western Africa (FAO),,2012,188999.11
Western Asia (FAO),,2012,19828
World,OWID_WRL,2012,8798567
Yemen,YEM,2012,19828
Zambia,ZMB,2012,7372.36
Zimbabwe,ZWE,2012,540
Africa,,2013,1105640.9
Africa (FAO),,2013,1105640.8
Americas (FAO),,2013,4984020
Angola,AGO,2013,12550
Asia,,2013,2699674
Asia (FAO),,2013,2699674
Belize,BLZ,2013,87.27
Benin,BEN,2013,70
Bolivia,BOL,2013,29455.13
Brazil,BRA,2013,2964538
Burundi,BDI,2013,22625
Cambodia,KHM,2013,353.12
Cameroon,CMR,2013,41800
Cape Verde,CPV,2013,62
Caribbean (FAO),,2013,50277.82
Central African Republic,CAF,2013,7974.68
Central America (FAO),,2013,956535.6
China,CHN,2013,116826
China (FAO),,2013,116826
Colombia,COL,2013,653160
Comoros,COM,2013,132
Congo,COG,2013,2987.03
Cook Islands,COK,2013,0.3
Costa Rica,CRI,2013,71381
Cote d'Ivoire,CIV,2013,103743
Cuba,CUB,2013,8944
Democratic Republic of Congo,COD,2013,29700.71
Dominica,DMA,2013,370.55
Dominican Republic,DOM,2013,18552.12
East Timor,TLS,2013,4800
Eastern Africa (FAO),,2013,833408.56
Eastern Asia (FAO),,2013,116826
Ecuador,ECU,2013,7760
El Salvador,SLV,2013,32864
Equatorial Guinea,GNQ,2013,4401.74
Ethiopia,ETH,2013,392006
Fiji,FJI,2013,20
French Polynesia,PYF,2013,22
Gabon,GAB,2013,114.28
Ghana,GHA,2013,698
Guatemala,GTM,2013,248668
Guinea,GIN,2013,18440
Guyana,GUY,2013,420
Haiti,HTI,2013,10320
High-income countries,,2013,87033.15
Honduras,HND,2013,280697
India,IND,2013,318200
Indonesia,IDN,2013,675800
Jamaica,JAM,2013,6984
Kenya,KEN,2013,39800
Land Locked Developing Countries (FAO),,2013,799971.8
Laos,LAO,2013,92045
Least Developed Countries (FAO),,2013,1045139
Liberia,LBR,2013,636.92
Low Income Food Deficit Countries (FAO),,2013,1089373
Low-income countries,,2013,819343.9
Lower-middle-income countries,,2013,2590773.2
Madagascar,MDG,2013,51627.54
Malawi,MWI,2013,5699
Malaysia,MYS,2013,14739
Melanesia,OWID_MNS,2013,49722.64
Mexico,MEX,2013,231596
Middle Africa (FAO),,2013,99532.34
Mozambique,MOZ,2013,900
Myanmar,MMR,2013,8100
Nepal,NPL,2013,366
Net Food Importing Developing Countries (FAO),,2013,1861340.6
New Caledonia,NCL,2013,7
Nicaragua,NIC,2013,84146.33
Nigeria,NGA,2013,2100
North America,,2013,1009988.44
Northern America (FAO),,2013,3175
Oceania,,2013,49770.94
Oceania (FAO),,2013,49770.94
Panama,PAN,2013,7096
Papua New Guinea,PNG,2013,49680
Paraguay,PRY,2013,382
Peru,PER,2013,256241.44
Philippines,PHL,2013,78634
Polynesia,OWID_PYA,2013,48.3
Puerto Rico,PRI,2013,4880.9
Rwanda,RWA,2013,18346
Saint Vincent and the Grenadines,VCT,2013,175
Samoa,WSM,2013,11
Sao Tome and Principe,STP,2013,3.9
Sierra Leone,SLE,2013,36000
Small Island Developing States (FAO),,2013,105559.9
South America,,2013,3974031.5
South America (FAO),,2013,3974031.5
South-eastern Asia (FAO),,2013,2238728
Southern Asia (FAO),,2013,324136
Sri Lanka,LKA,2013,5570
Suriname,SUR,2013,5.97
Taiwan,TWN,2013,0
Tanzania,TZA,2013,71200
Thailand,THA,2013,37569
Togo,TGO,2013,10950
Tonga,TON,2013,15
Trinidad and Tobago,TTO,2013,51.25
Uganda,UGA,2013,222894
United States,USA,2013,3175
Upper-middle-income countries,,2013,5341955.5
Vanuatu,VUT,2013,15.64
Venezuela,VEN,2013,62069
Vietnam,VNM,2013,1326688
Western Africa (FAO),,2013,172699.92
Western Asia (FAO),,2013,19984
World,OWID_WRL,2013,8839106
Yemen,YEM,2013,19984
Zambia,ZMB,2013,7415.12
Zimbabwe,ZWE,2013,763.9
Africa,,2014,1087781.9
Africa (FAO),,2014,1087781.8
Americas (FAO),,2014,4829105.5
Angola,AGO,2014,15009
Asia,,2014,2759619.5
Asia (FAO),,2014,2759619.5
Belize,BLZ,2014,87.54
Benin,BEN,2014,57.3
Bolivia,BOL,2014,20496
Brazil,BRA,2014,2804070
Burundi,BDI,2014,10405
Cambodia,KHM,2014,356.58
Cameroon,CMR,2014,38081.87
Cape Verde,CPV,2014,52
Caribbean (FAO),,2014,36587.45
Central African Republic,CAF,2014,10799
Central America (FAO),,2014,956115.56
China,CHN,2014,127585.93
China (FAO),,2014,127585.93
Colombia,COL,2014,728400
Comoros,COM,2014,133.48
Congo,COG,2014,3005.38
Cook Islands,COK,2014,0.3
Costa Rica,CRI,2014,96735
Cote d'Ivoire,CIV,2014,109913.47
Cuba,CUB,2014,9203.03
Democratic Republic of Congo,COD,2014,28233
Dominica,DMA,2014,370.3
Dominican Republic,DOM,2014,13213.28
East Timor,TLS,2014,6660
Eastern Africa (FAO),,2014,830725.8
Eastern Asia (FAO),,2014,127585.93
Ecuador,ECU,2014,4224.53
El Salvador,SLV,2014,41965
Equatorial Guinea,GNQ,2014,4385.48
Ethiopia,ETH,2014,419980
Fiji,FJI,2014,21.14
French Polynesia,PYF,2014,20
Gabon,GAB,2014,109.37
Ghana,GHA,2014,736
Guatemala,GTM,2014,227653.47
Guinea,GIN,2014,25787.18
Guyana,GUY,2014,420
Haiti,HTI,2014,3600
High-income countries,,2014,112263.56
Honduras,HND,2014,282230
India,IND,2014,304500
Indonesia,IDN,2014,643900
Jamaica,JAM,2014,5298
Kenya,KEN,2014,49500
Land Locked Developing Countries (FAO),,2014,827761.44
Laos,LAO,2014,113580
Least Developed Countries (FAO),,2014,1032261.6
Liberia,LBR,2014,650.74
Low Income Food Deficit Countries (FAO),,2014,1058218.5
Low-income countries,,2014,801693.7
Lower-middle-income countries,,2014,2672863
Madagascar,MDG,2014,49223
Malawi,MWI,2014,6757
Malaysia,MYS,2014,8186
Melanesia,OWID_MNS,2014,56934.81
Mexico,MEX,2014,214667
Middle Africa (FAO),,2014,99631.12
Mozambique,MOZ,2014,816.94
Myanmar,MMR,2014,8400
Nepal,NPL,2014,430
Net Food Importing Developing Countries (FAO),,2014,1825137.6
New Caledonia,NCL,2014,5
Nicaragua,NIC,2014,86089.58
Nigeria,NGA,2014,1972.17
North America,,2014,996373.06
Northern America (FAO),,2014,3670
Oceania,,2014,56981.18
Oceania (FAO),,2014,56981.19
Panama,PAN,2014,6688
Papua New Guinea,PNG,2014,56893.36
Paraguay,PRY,2014,386
Peru,PER,2014,222047
Philippines,PHL,2014,75454
Polynesia,OWID_PYA,2014,46.38
Puerto Rico,PRI,2014,4674.4
Rwanda,RWA,2014,16379
Saint Vincent and the Grenadines,VCT,2014,177.28
Samoa,WSM,2014,11.22
Sao Tome and Principe,STP,2014,8.03
Sierra Leone,SLE,2014,2756
Small Island Developing States (FAO),,2014,100935.55
South America,,2014,3832732.5
South America (FAO),,2014,3832732.5
South-eastern Asia (FAO),,2014,2300955.5
Southern Asia (FAO),,2014,311019
Sri Lanka,LKA,2014,6089
Suriname,SUR,2014,5.87
Taiwan,TWN,2014,0
Tanzania,TZA,2014,48982
Thailand,THA,2014,37950
Togo,TGO,2014,15500
Tonga,TON,2014,14.86
Trinidad and Tobago,TTO,2014,51.16
Uganda,UGA,2014,220135
United States,USA,2014,3670
Upper-middle-income countries,,2014,5146667.5
Vanuatu,VUT,2014,15.3
Venezuela,VEN,2014,52683
Vietnam,VNM,2014,1406469
Western Africa (FAO),,2014,157424.86
Western Asia (FAO),,2014,20059
World,OWID_WRL,2014,8733488
Yemen,YEM,2014,20059
Zambia,ZMB,2014,7564.41
Zimbabwe,ZWE,2014,850
Africa,,2015,1154922.2
Africa (FAO),,2015,1154922.2
Americas (FAO),,2015,4806984
Angola,AGO,2015,15000
Asia,,2015,2813389.5
Asia (FAO),,2015,2813389.5
Belize,BLZ,2015,91.22
Benin,BEN,2015,48.76
Bolivia,BOL,2015,20954
Brazil,BRA,2015,2647504
Burundi,BDI,2015,18367
Cambodia,KHM,2015,369.69
Cameroon,CMR,2015,35937.99
Cape Verde,CPV,2015,52.34
Caribbean (FAO),,2015,30670.51
Central African Republic,CAF,2015,9050
Central America (FAO),,2015,969671.9
China,CHN,2015,115139.76
China (FAO),,2015,115896.76
Colombia,COL,2015,827750
Comoros,COM,2015,135.35
Congo,COG,2015,3038.73
Cook Islands,COK,2015,0.4
Costa Rica,CRI,2015,83846
Cote d'Ivoire,CIV,2015,127000
Cuba,CUB,2015,7416.54
Democratic Republic of Congo,COD,2015,30999.41
Dominica,DMA,2015,370.1
Dominican Republic,DOM,2015,9888.42
East Timor,TLS,2015,3540
Eastern Africa (FAO),,2015,875227.06
Eastern Asia (FAO),,2015,115896.76
Ecuador,ECU,2015,5297.44
El Salvador,SLV,2015,35682
Equatorial Guinea,GNQ,2015,4254.38
Ethiopia,ETH,2015,457014.22
Fiji,FJI,2015,7.76
French Polynesia,PYF,2015,20.88
Gabon,GAB,2015,107.33
Ghana,GHA,2015,736
Guatemala,GTM,2015,225653.12
Guinea,GIN,2015,32229.71
Guyana,GUY,2015,420
Haiti,HTI,2015,3660
High-income countries,,2015,98304.11
Honduras,HND,2015,332747
India,IND,2015,327000
Indonesia,IDN,2015,639412
Jamaica,JAM,2015,5755
Kenya,KEN,2015,42000
Land Locked Developing Countries (FAO),,2015,908893.9
Laos,LAO,2015,135925
Least Developed Countries (FAO),,2015,1111056.2
Liberia,LBR,2015,628.42
Low Income Food Deficit Countries (FAO),,2015,1116601.8
Low-income countries,,2015,860650.5
Lower-middle-income countries,,2015,2826533.5
Madagascar,MDG,2015,47507
Malawi,MWI,2015,7217
Malaysia,MYS,2015,5929
Melanesia,OWID_MNS,2015,58011.64
Mexico,MEX,2015,188934
Middle Africa (FAO),,2015,98396.44
Mozambique,MOZ,2015,804.44
Myanmar,MMR,2015,8300
Nepal,NPL,2015,463.58
Net Food Importing Developing Countries (FAO),,2015,1980052.4
New Caledonia,NCL,2015,6.39
Nicaragua,NIC,2015,95254.51
Nigeria,NGA,2015,1754.52
North America,,2015,1002732.4
Northern America (FAO),,2015,2390
Oceania,,2015,58060.05
Oceania (FAO),,2015,58060.05
Panama,PAN,2015,7464
Papua New Guinea,PNG,2015,57982.28
Paraguay,PRY,2015,395
Peru,PER,2015,251938
Philippines,PHL,2015,72342
Polynesia,OWID_PYA,2015,48.41
Puerto Rico,PRI,2015,3369.05
Rwanda,RWA,2015,21808
Saint Vincent and the Grenadines,VCT,2015,180.61
Samoa,WSM,2015,11.13
Sao Tome and Principe,STP,2015,8.61
Sierra Leone,SLE,2015,2756
Small Island Developing States (FAO),,2015,92984.08
South America,,2015,3804251.5
South America (FAO),,2015,3804251.5
South-eastern Asia (FAO),,2015,2344906
Southern Asia (FAO),,2015,333329.88
Sri Lanka,LKA,2015,5866.3
Suriname,SUR,2015,6
Taiwan,TWN,2015,757
Tanzania,TZA,2015,42674
Thailand,THA,2015,26089
Togo,TGO,2015,16093
Tonga,TON,2015,15.99
Trinidad and Tobago,TTO,2015,30.79
Uganda,UGA,2015,229149
United States,USA,2015,2390
Upper-middle-income countries,,2015,5047867
Vanuatu,VUT,2015,15.22
Venezuela,VEN,2015,49987
Vietnam,VNM,2015,1452999.2
Western Africa (FAO),,2015,181298.73
Western Asia (FAO),,2015,19257
World,OWID_WRL,2015,8833356
Yemen,YEM,2015,19257
Zambia,ZMB,2015,8051.05
Zimbabwe,ZWE,2015,500
Africa,,2016,1189936.9
Africa (FAO),,2016,1189936.9
Americas (FAO),,2016,5249792
Angola,AGO,2016,14679.61
Asia,,2016,2844287.2
Asia (FAO),,2016,2844287.2
Belize,BLZ,2016,89.13
Benin,BEN,2016,58.69
Bolivia,BOL,2016,21427
Brazil,BRA,2016,3024466
Burundi,BDI,2016,13624.46
Cambodia,KHM,2016,359.8
Cameroon,CMR,2016,31388
Cape Verde,CPV,2016,68.09
Caribbean (FAO),,2016,34811.79
Central African Republic,CAF,2016,10120
Central America (FAO),,2016,1015450.94
China,CHN,2016,113345.44
China (FAO),,2016,114186.44
Colombia,COL,2016,818243
Comoros,COM,2016,136.26
Congo,COG,2016,3062.07
Cook Islands,COK,2016,0.34
Costa Rica,CRI,2016,93720
Cote d'Ivoire,CIV,2016,106000
Cuba,CUB,2016,7539.75
Democratic Republic of Congo,COD,2016,29644.37
Dominica,DMA,2016,369.63
Dominican Republic,DOM,2016,11470.58
East Timor,TLS,2016,4920
Eastern Africa (FAO),,2016,928205.6
Eastern Asia (FAO),,2016,114186.44
Ecuador,ECU,2016,3904.53
El Salvador,SLV,2016,38636
Equatorial Guinea,GNQ,2016,4174.11
Ethiopia,ETH,2016,469091
Fiji,FJI,2016,16.3
French Polynesia,PYF,2016,21.59
Gabon,GAB,2016,104.51
Ghana,GHA,2016,736
Guatemala,GTM,2016,236144.72
Guinea,GIN,2016,38900
Guyana,GUY,2016,420
Haiti,HTI,2016,3840
High-income countries,,2016,106928.57
Honduras,HND,2016,366542
India,IND,2016,348000
Indonesia,IDN,2016,639305
Jamaica,JAM,2016,7580
Kenya,KEN,2016,46100
Land Locked Developing Countries (FAO),,2016,936188.9
Laos,LAO,2016,136600
Least Developed Countries (FAO),,2016,1169332.6
Liberia,LBR,2016,638.69
Low Income Food Deficit Countries (FAO),,2016,1199287.4
Low-income countries,,2016,891172.4
Lower-middle-income countries,,2016,2915478
Madagascar,MDG,2016,53093
Malawi,MWI,2016,7217
Malaysia,MYS,2016,7170
Melanesia,OWID_MNS,2016,53754.25
Mexico,MEX,2016,151714
Middle Africa (FAO),,2016,93179.52
Mozambique,MOZ,2016,840.46
Myanmar,MMR,2016,8474
Nepal,NPL,2016,532
Net Food Importing Developing Countries (FAO),,2016,2088894
New Caledonia,NCL,2016,3.55
Nicaragua,NIC,2016,122470.09
Nigeria,NGA,2016,1942.23
North America,,2016,1052222.8
Northern America (FAO),,2016,1960
Oceania,,2016,53802.73
Oceania (FAO),,2016,53802.73
Panama,PAN,2016,6135
Papua New Guinea,PNG,2016,53719.27
Paraguay,PRY,2016,395
Peru,PER,2016,277760.4
Philippines,PHL,2016,68822.93
Polynesia,OWID_PYA,2016,48.48
Puerto Rico,PRI,2016,3120.43
Rwanda,RWA,2016,24689.41
Saint Vincent and the Grenadines,VCT,2016,184.4
Samoa,WSM,2016,11.27
Sao Tome and Principe,STP,2016,6.84
Sierra Leone,SLE,2016,2275
Small Island Developing States (FAO),,2016,94260.37
South America,,2016,4197569
South America (FAO),,2016,4197569
South-eastern Asia (FAO),,2016,2357030.8
Southern Asia (FAO),,2016,354125
Sri Lanka,LKA,2016,5593
Suriname,SUR,2016,5.53
Taiwan,TWN,2016,841
Tanzania,TZA,2016,60921
Thailand,THA,2016,30579
Togo,TGO,2016,17933
Tonga,TON,2016,15.28
Trinidad and Tobago,TTO,2016,707
Uganda,UGA,2016,243061
United States,USA,2016,1960
Upper-middle-income countries,,2016,5424239.5
Vanuatu,VUT,2016,15.13
Venezuela,VEN,2016,50947.58
Vietnam,VNM,2016,1460800
Western Africa (FAO),,2016,168551.69
Western Asia (FAO),,2016,18945
World,OWID_WRL,2016,9337818
Yemen,YEM,2016,18945
Zambia,ZMB,2016,8732.02
Zimbabwe,ZWE,2016,700
Africa,,2017,1165278.4
Africa (FAO),,2017,1165278.4
Americas (FAO),,2017,5118902.5
Angola,AGO,2017,13542.99
Asia,,2017,2971828.8
Asia (FAO),,2017,2971828.8
Belize,BLZ,2017,89.3
Benin,BEN,2017,54.91
Bolivia,BOL,2017,21181
Brazil,BRA,2017,2684508
Burundi,BDI,2017,16340
Cambodia,KHM,2017,356.64
Cameroon,CMR,2017,31609.8
Cape Verde,CPV,2017,46.89
Caribbean (FAO),,2017,35275.67
Central African Republic,CAF,2017,9989.67
Central America (FAO),,2017,1121706.1
China,CHN,2017,114163.14
China (FAO),,2017,115110.14
Colombia,COL,2017,851640
Comoros,COM,2017,137.12
Congo,COG,2017,3108.09
Cook Islands,COK,2017,0.3
Costa Rica,CRI,2017,90419
Cote d'Ivoire,CIV,2017,33600
Cuba,CUB,2017,6780
Democratic Republic of Congo,COD,2017,40342.18
Dominica,DMA,2017,369.36
Dominican Republic,DOM,2017,15241
East Timor,TLS,2017,3900
Eastern Africa (FAO),,2017,963935.1
Eastern Asia (FAO),,2017,115110.14
Ecuador,ECU,2017,7564
El Salvador,SLV,2017,41141.36
Equatorial Guinea,GNQ,2017,4134.3
Ethiopia,ETH,2017,449229.8
Fiji,FJI,2017,15.07
French Polynesia,PYF,2017,20.82
Gabon,GAB,2017,102.42
Ghana,GHA,2017,736
Guatemala,GTM,2017,224000
Guinea,GIN,2017,40800
Guyana,GUY,2017,420
Haiti,HTI,2017,3969
High-income countries,,2017,103107.02
Honduras,HND,2017,477580
India,IND,2017,312000
Indonesia,IDN,2017,717962
Jamaica,JAM,2017,6222
Kenya,KEN,2017,38620
Land Locked Developing Countries (FAO),,2017,999950.44
Laos,LAO,2017,150795
Least Developed Countries (FAO),,2017,1237686.2
Liberia,LBR,2017,625.6
Low Income Food Deficit Countries (FAO),,2017,1253778.5
Low-income countries,,2017,958656
Lower-middle-income countries,,2017,2984913.2
Madagascar,MDG,2017,59602
Malawi,MWI,2017,8420
Malaysia,MYS,2017,8109.18
Melanesia,OWID_MNS,2017,47015.3
Mexico,MEX,2017,153777.4
Middle Africa (FAO),,2017,102837.27
Mozambique,MOZ,2017,806.23
Myanmar,MMR,2017,8547
Nepal,NPL,2017,466
Net Food Importing Developing Countries (FAO),,2017,2257654.2
New Caledonia,NCL,2017,5.2
Nicaragua,NIC,2017,128111.06
Nigeria,NGA,2017,1889.64
North America,,2017,1159181.8
Northern America (FAO),,2017,2200
Oceania,,2017,47063.05
Oceania (FAO),,2017,47063.05
Panama,PAN,2017,6588
Papua New Guinea,PNG,2017,46980
Paraguay,PRY,2017,442
Peru,PER,2017,337330
Philippines,PHL,2017,62077.95
Polynesia,OWID_PYA,2017,47.75
Puerto Rico,PRI,2017,1800
Rwanda,RWA,2017,31717.52
Saint Vincent and the Grenadines,VCT,2017,187.31
Samoa,WSM,2017,11.43
Sao Tome and Principe,STP,2017,7.83
Sierra Leone,SLE,2017,2277
Small Island Developing States (FAO),,2017,86945.65
South America,,2017,3959720.8
South America (FAO),,2017,3959720.8
South-eastern Asia (FAO),,2017,2520054.8
Southern Asia (FAO),,2017,317897
Sri Lanka,LKA,2017,5431
Suriname,SUR,2017,5.8
Taiwan,TWN,2017,947
Tanzania,TZA,2017,47693
Thailand,THA,2017,25909
Togo,TGO,2017,18476
Tonga,TON,2017,15.2
Trinidad and Tobago,TTO,2017,707
Uganda,UGA,2017,302063
United States,USA,2017,2200
Upper-middle-income countries,,2017,5256396
Vanuatu,VUT,2017,15.03
Venezuela,VEN,2017,56630
Vietnam,VNM,2017,1542397.9
Western Africa (FAO),,2017,98506.04
Western Asia (FAO),,2017,18767
World,OWID_WRL,2017,9303073
Yemen,YEM,2017,18767
Zambia,ZMB,2017,8760.77
Zimbabwe,ZWE,2017,545.66
Africa,,2018,1389496.5
Africa (FAO),,2018,1389496.4
Americas (FAO),,2018,6026973.5
Angola,AGO,2018,13228.18
Asia,,2018,3089587.8
Asia (FAO),,2018,3089587.8
Belize,BLZ,2018,89.88
Benin,BEN,2018,54.12
Bolivia,BOL,2018,22120.99
Brazil,BRA,2018,3552729
Burundi,BDI,2018,14216
Cambodia,KHM,2018,356.82
Cameroon,CMR,2018,34619.5
Cape Verde,CPV,2018,46
Caribbean (FAO),,2018,39601.96
Central African Republic,CAF,2018,89979.42
Central America (FAO),,2018,1162814.6
China,CHN,2018,115500
China (FAO),,2018,116519
Colombia,COL,2018,813420
Comoros,COM,2018,138.18
Congo,COG,2018,3151.08
Cook Islands,COK,2018,0.27
Costa Rica,CRI,2018,92016
Cote d'Ivoire,CIV,2018,123900
Cuba,CUB,2018,7680
Democratic Republic of Congo,COD,2018,51485
Dominica,DMA,2018,369.7
Dominican Republic,DOM,2018,18416.04
East Timor,TLS,2018,8340
Eastern Africa (FAO),,2018,993827.25
Eastern Asia (FAO),,2018,116519
Ecuador,ECU,2018,5065
El Salvador,SLV,2018,45660
Equatorial Guinea,GNQ,2018,4113.44
Ethiopia,ETH,2018,494574.38
Fiji,FJI,2018,13.04
French Polynesia,PYF,2018,21.85
Gabon,GAB,2018,104.75
Ghana,GHA,2018,736
Guatemala,GTM,2018,240400
Guinea,GIN,2018,50000
Guyana,GUY,2018,475
Haiti,HTI,2018,4167
High-income countries,,2018,103298.45
Honduras,HND,2018,478830.75
India,IND,2018,316000
Indonesia,IDN,2018,756051
Jamaica,JAM,2018,7085
Kenya,KEN,2018,41375
Land Locked Developing Countries (FAO),,2018,1119236.4
Laos,LAO,2018,154435
Least Developed Countries (FAO),,2018,1374228.5
Liberia,LBR,2018,620.95
Low Income Food Deficit Countries (FAO),,2018,1402244.4
Low-income countries,,2018,1080542.1
Lower-middle-income countries,,2018,3194944.5
Madagascar,MDG,2018,54514.81
Malawi,MWI,2018,11082
Malaysia,MYS,2018,3369.2
Melanesia,OWID_MNS,2018,53190.57
Mexico,MEX,2018,158307.98
Middle Africa (FAO),,2018,196688.98
Mozambique,MOZ,2018,798.24
Myanmar,MMR,2018,8677.84
Nepal,NPL,2018,513
Net Food Importing Developing Countries (FAO),,2018,2532840.8
New Caledonia,NCL,2018,2.6
Nicaragua,NIC,2018,141931
Nigeria,NGA,2018,1862.13
North America,,2018,1204906.6
Northern America (FAO),,2018,2490
Oceania,,2018,53239.61
Oceania (FAO),,2018,53239.61
Panama,PAN,2018,5579
Papua New Guinea,PNG,2018,53160
Paraguay,PRY,2018,441
Peru,PER,2018,369622
Philippines,PHL,2018,60312.76
Polynesia,OWID_PYA,2018,49.04
Puerto Rico,PRI,2018,975
Rwanda,RWA,2018,38643.34
Saint Vincent and the Grenadines,VCT,2018,189.22
Samoa,WSM,2018,11.7
Sao Tome and Principe,STP,2018,7.62
Sierra Leone,SLE,2018,2685
Small Island Developing States (FAO),,2018,101944.03
South America,,2018,4822067
South America (FAO),,2018,4822067
South-eastern Asia (FAO),,2018,2631468.8
Southern Asia (FAO),,2018,322958
Sri Lanka,LKA,2018,6445
Suriname,SUR,2018,5.78
Taiwan,TWN,2018,1019
Tanzania,TZA,2018,45254
Thailand,THA,2018,23619
Togo,TGO,2018,19076
Tonga,TON,2018,15.22
Trinidad and Tobago,TTO,2018,720
Uganda,UGA,2018,284225
United States,USA,2018,2490
Upper-middle-income countries,,2018,6180512
Vanuatu,VUT,2018,14.93
Venezuela,VEN,2018,58188
Vietnam,VNM,2018,1616307.2
Western Africa (FAO),,2018,198980.19
Western Asia (FAO),,2018,18642
World,OWID_WRL,2018,10559297
Yemen,YEM,2018,18642
Zambia,ZMB,2018,8514.61
Zimbabwe,ZWE,2018,491.71
Africa,,2019,1611235.5
Africa (FAO),,2019,1611235.5
Americas (FAO),,2019,5519472.5
Angola,AGO,2019,13256.51
Asia,,2019,3182731.5
Asia (FAO),,2019,3182731.5
Belize,BLZ,2019,89.44
Benin,BEN,2019,55.91
Bolivia,BOL,2019,24841
Brazil,BRA,2019,3011745
Burundi,BDI,2019,14059
Cambodia,KHM,2019,357.51
Cameroon,CMR,2019,34061.3
Cape Verde,CPV,2019,40
Caribbean (FAO),,2019,35913.89
Central African Republic,CAF,2019,202752.73
Central America (FAO),,2019,1129998.6
China,CHN,2019,120000
China (FAO),,2019,121012
Colombia,COL,2019,885120
Comoros,COM,2019,139.35
Congo,COG,2019,3173.44
Cook Islands,COK,2019,0.26
Costa Rica,CRI,2019,76385
Cote d'Ivoire,CIV,2019,95204
Cuba,CUB,2019,7800
Democratic Republic of Congo,COD,2019,52940
Dominica,DMA,2019,353.64
Dominican Republic,DOM,2019,13873.31
East Timor,TLS,2019,6180
Eastern Africa (FAO),,2019,1039789.8
Eastern Asia (FAO),,2019,121012
Ecuador,ECU,2019,8140.98
El Salvador,SLV,2019,33640.91
Equatorial Guinea,GNQ,2019,4094.87
Ethiopia,ETH,2019,482560.56
Fiji,FJI,2019,14.8
French Polynesia,PYF,2019,22.42
Gabon,GAB,2019,103.9
Ghana,GHA,2019,736
Guatemala,GTM,2019,216400
Guinea,GIN,2019,138823.75
Guyana,GUY,2019,654
Haiti,HTI,2019,4376
High-income countries,,2019,91386.48
Honduras,HND,2019,472497.97
India,IND,2019,319500
Indonesia,IDN,2019,752512
Jamaica,JAM,2019,6701
Kenya,KEN,2019,44500
Land Locked Developing Countries (FAO),,2019,1260356.2
Laos,LAO,2019,171380
Least Developed Countries (FAO),,2019,1639343.5
Liberia,LBR,2019,628.41
Low Income Food Deficit Countries (FAO),,2019,1669564.2
Low-income countries,,2019,1218317.6
Lower-middle-income countries,,2019,3371664
Madagascar,MDG,2019,65760
Malawi,MWI,2019,11000
Malaysia,MYS,2019,3558.5
Melanesia,OWID_MNS,2019,45160.39
Mexico,MEX,2019,165712.27
Middle Africa (FAO),,2019,310389.6
Mozambique,MOZ,2019,789.95
Myanmar,MMR,2019,8769
Nepal,NPL,2019,530
Net Food Importing Developing Countries (FAO),,2019,2740256.8
New Caledonia,NCL,2019,2
Nicaragua,NIC,2019,156902
Nigeria,NGA,2019,1852.02
North America,,2019,1168232.5
Northern America (FAO),,2019,2320
Oceania,,2019,45210.27
Oceania (FAO),,2019,45210.26
Panama,PAN,2019,8371
Papua New Guinea,PNG,2019,45129
Paraguay,PRY,2019,399
Peru,PER,2019,363319.6
Philippines,PHL,2019,60043.88
Polynesia,OWID_PYA,2019,49.87
Puerto Rico,PRI,2019,1820.06
Rwanda,RWA,2019,29366.01
Saint Vincent and the Grenadines,VCT,2019,189.87
Samoa,WSM,2019,11.96
Sao Tome and Principe,STP,2019,6.85
Sierra Leone,SLE,2019,2400
Small Island Developing States (FAO),,2019,88239.23
South America,,2019,4351240
South America (FAO),,2019,4351240
South-eastern Asia (FAO),,2019,2715990.5
Southern Asia (FAO),,2019,324917
Sri Lanka,LKA,2019,4887
Suriname,SUR,2019,5.44
Taiwan,TWN,2019,1012
Tanzania,TZA,2019,68147
Thailand,THA,2019,26424.38
Togo,TGO,2019,21316
Tonga,TON,2019,15.24
Trinidad and Tobago,TTO,2019,800
Uganda,UGA,2019,313933
United States,USA,2019,2320
Upper-middle-income countries,,2019,5677281
Vanuatu,VUT,2019,14.59
Venezuela,VEN,2019,57015
Vietnam,VNM,2019,1686765.1
Western Africa (FAO),,2019,261056.1
Western Asia (FAO),,2019,20812
World,OWID_WRL,2019,10358650
Yemen,YEM,2019,20812
Zambia,ZMB,2019,9003.91
Zimbabwe,ZWE,2019,531
Africa,,2020,1878258.2
Africa (FAO),,2020,1878258.2
Americas (FAO),,2020,6083682
Angola,AGO,2020,13105.14
Asia,,2020,3231212.8
Asia (FAO),,2020,3231212.8
Belize,BLZ,2020,89.54
Benin,BEN,2020,54.98
Bolivia,BOL,2020,23401
Brazil,BRA,2020,3705719
Burundi,BDI,2020,7111
Cambodia,KHM,2020,363.89
Cameroon,CMR,2020,29792.9
Cape Verde,CPV,2020,48
Caribbean (FAO),,2020,36836.1
Central African Republic,CAF,2020,289283.3
Central America (FAO),,2020,1068651.4
China,CHN,2020,114000
China (FAO),,2020,114970
Colombia,COL,2020,833400
Comoros,COM,2020,141.46
Congo,COG,2020,3246.4
Cook Islands,COK,2020,0.34
Costa Rica,CRI,2020,86791
Cote d'Ivoire,CIV,2020,82366
Cuba,CUB,2020,7500
Democratic Republic of Congo,COD,2020,53303
Dominica,DMA,2020,364.23
Dominican Republic,DOM,2020,15380.93
East Timor,TLS,2020,9095.27
Eastern Africa (FAO),,2020,1132506.9
Eastern Asia (FAO),,2020,114970
Ecuador,ECU,2020,5280.29
El Salvador,SLV,2020,35000
Equatorial Guinea,GNQ,2020,4111.39
Ethiopia,ETH,2020,584789.56
Fiji,FJI,2020,14.3
French Polynesia,PYF,2020,21.7
Gabon,GAB,2020,103.69
Ghana,GHA,2020,736
Guatemala,GTM,2020,246000
Guinea,GIN,2020,242682
Guyana,GUY,2020,600
Haiti,HTI,2020,4595
High-income countries,,2020,99206.66
Honduras,HND,2020,364552.38
India,IND,2020,298000
Indonesia,IDN,2020,762380
Jamaica,JAM,2020,6201
Kenya,KEN,2020,36900
Land Locked Developing Countries (FAO),,2020,1463353.6
Laos,LAO,2020,158190
Least Developed Countries (FAO),,2020,1921387.1
Liberia,LBR,2020,624.98
Low Income Food Deficit Countries (FAO),,2020,1947893.2
Low-income countries,,2020,1414536
Lower-middle-income countries,,2020,3374070.8
Madagascar,MDG,2020,42220
Malawi,MWI,2020,10000
Malaysia,MYS,2020,4241.08
Melanesia,OWID_MNS,2020,40530.82
Mexico,MEX,2020,175554.62
Middle Africa (FAO),,2020,392953.44
Mozambique,MOZ,2020,793.12
Myanmar,MMR,2020,8908
Nepal,NPL,2020,297
Net Food Importing Developing Countries (FAO),,2020,2884770.5
New Caledonia,NCL,2020,1.94
Nicaragua,NIC,2020,154409.88
Nigeria,NGA,2020,1879.97
North America,,2020,1107447.5
Northern America (FAO),,2020,1960
Oceania,,2020,40580.54
Oceania (FAO),,2020,40580.54
Panama,PAN,2020,6254
Papua New Guinea,PNG,2020,40500
Paraguay,PRY,2020,381
Peru,PER,2020,353205.75
Philippines,PHL,2020,60640.95
Polynesia,OWID_PYA,2020,49.72
Puerto Rico,PRI,2020,1979.74
Rwanda,RWA,2020,20459
Saint Vincent and the Grenadines,VCT,2020,186.91
Samoa,WSM,2020,12.39
Sao Tome and Principe,STP,2020,7.62
Sierra Leone,SLE,2020,2400
Small Island Developing States (FAO),,2020,87404.21
South America,,2020,4976234.5
South America (FAO),,2020,4976234.5
South-eastern Asia (FAO),,2020,2789778.2
Southern Asia (FAO),,2020,305021.6
Sri Lanka,LKA,2020,6724.6
Suriname,SUR,2020,5.67
Taiwan,TWN,2020,970
Tanzania,TZA,2020,60651
Thailand,THA,2020,22483
Togo,TGO,2020,22006
Tonga,TON,2020,15.29
Trinidad and Tobago,TTO,2020,628.28
Uganda,UGA,2020,360103
United States,USA,2020,1960
Upper-middle-income countries,,2020,6345920
Vanuatu,VUT,2020,14.58
Venezuela,VEN,2020,54242
Vietnam,VNM,2020,1763476
Western Africa (FAO),,2020,352797.94
Western Asia (FAO),,2020,21443
World,OWID_WRL,2020,11233734
Yemen,YEM,2020,21443
Zambia,ZMB,2020,8759.76
Zimbabwe,ZWE,2020,579
Africa,,2021,1911318
Africa (FAO),,2021,1911318
Americas (FAO),,2021,5167351
Angola,AGO,2021,10304
Asia,,2021,3361698.5
Asia (FAO),,2021,3361698.5
Belize,BLZ,2021,89.62
Benin,BEN,2021,55
Bolivia,BOL,2021,23451.98
Brazil,BRA,2021,2985581
Burundi,BDI,2021,13800
Cambodia,KHM,2021,363.28
Cameroon,CMR,2021,26791.02
Cape Verde,CPV,2021,40.73
Caribbean (FAO),,2021,40086
Central African Republic,CAF,2021,297961.8
Central America (FAO),,2021,1127533.5
China,CHN,2021,108000
China (FAO),,2021,108906
Colombia,COL,2021,560340
Comoros,COM,2021,141.86
Congo,COG,2021,3222.05
Cook Islands,COK,2021,0.37
Costa Rica,CRI,2021,95322
Cote d'Ivoire,CIV,2021,61312
Cuba,CUB,2021,9100
Democratic Republic of Congo,COD,2021,54096.6
Dominica,DMA,2021,351.21
Dominican Republic,DOM,2021,16558.97
East Timor,TLS,2021,13313.98
Eastern Africa (FAO),,2021,1162592
Eastern Asia (FAO),,2021,108906
Ecuador,ECU,2021,4916.87
El Salvador,SLV,2021,41910.91
Equatorial Guinea,GNQ,2021,4129.69
Ethiopia,ETH,2021,545566
Fiji,FJI,2021,14.05
French Polynesia,PYF,2021,21.99
Gabon,GAB,2021,104.11
Ghana,GHA,2021,736
Guatemala,GTM,2021,226700
Guinea,GIN,2021,261992
Guyana,GUY,2021,600
Haiti,HTI,2021,4824
High-income countries,,2021,110139.24
Honduras,HND,2021,417591.25
India,IND,2021,334000
Indonesia,IDN,2021,786191
Jamaica,JAM,2021,6507.8
Kenya,KEN,2021,34500
Land Locked Developing Countries (FAO),,2021,1495524.1
Laos,LAO,2021,161200
Least Developed Countries (FAO),,2021,2008889.5
Liberia,LBR,2021,624.78
Low Income Food Deficit Countries (FAO),,2021,2036720.2
Low-income countries,,2021,1465678.5
Lower-middle-income countries,,2021,3541361.8
Madagascar,MDG,2021,41919.5
Malawi,MWI,2021,10000
Malaysia,MYS,2021,4150.55
Melanesia,OWID_MNS,2021,47910.52
Mexico,MEX,2021,174341.4
Middle Africa (FAO),,2021,396616.84
Mozambique,MOZ,2021,796.38
Myanmar,MMR,2021,8908
Nepal,NPL,2021,315
Net Food Importing Developing Countries (FAO),,2021,3022723
New Caledonia,NCL,2021,1.92
Nicaragua,NIC,2021,165558.38
Nigeria,NGA,2021,1842.64
North America,,2021,1172328.5
Northern America (FAO),,2021,4709
Oceania,,2021,47959.81
Oceania (FAO),,2021,47959.8
Panama,PAN,2021,6020
Papua New Guinea,PNG,2021,47880
Paraguay,PRY,2021,388
Peru,PER,2021,363996.84
Philippines,PHL,2021,30303.59
Polynesia,OWID_PYA,2021,49.28
Puerto Rico,PRI,2021,1918.98
Rwanda,RWA,2021,19466.88
Saint Vincent and the Grenadines,VCT,2021,185.69
Samoa,WSM,2021,11.79
Sao Tome and Principe,STP,2021,7.56
Sierra Leone,SLE,2021,2400
Small Island Developing States (FAO),,2021,102245.18
South America,,2021,3995022.5
South America (FAO),,2021,3995022.5
South-eastern Asia (FAO),,2021,2871238
Southern Asia (FAO),,2021,339621.2
Sri Lanka,LKA,2021,5306.2
Suriname,SUR,2021,5.63
Taiwan,TWN,2021,906
Tanzania,TZA,2021,73027
Thailand,THA,2021,21774.51
Togo,TGO,2021,23106
Tonga,TON,2021,15.14
Trinidad and Tobago,TTO,2021,639.35
Uganda,UGA,2021,414007
United States,USA,2021,4709
Upper-middle-income countries,,2021,5371147.5
Vanuatu,VUT,2021,14.55
Venezuela,VEN,2021,55742.12
Vietnam,VNM,2021,1845033
Western Africa (FAO),,2021,352109.16
Western Asia (FAO),,2021,41933.49
World,OWID_WRL,2021,10488327
Yemen,YEM,2021,41933.49
Zambia,ZMB,2021,8759.43
Zimbabwe,ZWE,2021,608
Africa,,2022,1846160.5
Africa (FAO),,2022,1846160.5
Americas (FAO),,2022,5382375
Angola,AGO,2022,16767
Asia,,2022,3464493
Asia (FAO),,2022,3464493
Belize,BLZ,2022,89.53
Benin,BEN,2022,55.3
Bolivia,BOL,2022,23238.78
Brazil,BRA,2022,3179176
Burundi,BDI,2022,10500
Cambodia,KHM,2022,364.06
Cameroon,CMR,2022,26245.72
Cape Verde,CPV,2022,47
Caribbean (FAO),,2022,42210.11
Central African Republic,CAF,2022,306900.66
Central America (FAO),,2022,1044745.5
China,CHN,2022,108000
China (FAO),,2022,108980
Colombia,COL,2022,665015.94
Comoros,COM,2022,142.79
Congo,COG,2022,3244.67
Cook Islands,COK,2022,0.37
Costa Rica,CRI,2022,74620
Cote d'Ivoire,CIV,2022,89878
Cuba,CUB,2022,6252
Democratic Republic of Congo,COD,2022,58606.18
Dominica,DMA,2022,355.34
Dominican Republic,DOM,2022,19814.39
East Timor,TLS,2022,11731.07
Eastern Africa (FAO),,2022,1047665.25
Eastern Asia (FAO),,2022,108980
Ecuador,ECU,2022,7965.97
El Salvador,SLV,2022,41866
Equatorial Guinea,GNQ,2022,4110.75
Ethiopia,ETH,2022,489100
Fiji,FJI,2022,14.38
French Polynesia,PYF,2022,22.03
Gabon,GAB,2022,103.9
Ghana,GHA,2022,736
Guatemala,GTM,2022,225500
Guinea,GIN,2022,261645
Guyana,GUY,2022,567
Haiti,HTI,2022,5066
High-income countries,,2022,97111.38
Honduras,HND,2022,330111.3
India,IND,2022,340406.47
Indonesia,IDN,2022,774960.5
Jamaica,JAM,2022,7064.1
Kenya,KEN,2022,51900
Land Locked Developing Countries (FAO),,2022,1378898.5
Laos,LAO,2022,171000
Least Developed Countries (FAO),,2022,1901302.6
Liberia,LBR,2022,626.06
Low Income Food Deficit Countries (FAO),,2022,1936294.4
Low-income countries,,2022,1349933.9
Lower-middle-income countries,,2022,3619391
Madagascar,MDG,2022,50922.39
Malawi,MWI,2022,11000
Malaysia,MYS,2022,3849.58
Melanesia,OWID_MNS,2022,40830.97
Mexico,MEX,2022,188689.12
Middle Africa (FAO),,2022,415986.4
Mozambique,MOZ,2022,795.62
Myanmar,MMR,2022,8557
Nepal,NPL,2022,355
Net Food Importing Developing Countries (FAO),,2022,2869775.5
New Caledonia,NCL,2022,1.59
Nicaragua,NIC,2022,170180.53
Nigeria,NGA,2022,1809.56
North America,,2022,1090714.6
Northern America (FAO),,2022,3759
Oceania,,2022,40880.28
Oceania (FAO),,2022,40880.29
Panama,PAN,2022,13689
Papua New Guinea,PNG,2022,40800
Paraguay,PRY,2022,336.62
Peru,PER,2022,358177.7
Philippines,PHL,2022,29957
Polynesia,OWID_PYA,2022,49.31
Puerto Rico,PRI,2022,2740
Rwanda,RWA,2022,18945.39
Saint Vincent and the Grenadines,VCT,2022,185.52
Samoa,WSM,2022,11.82
Sao Tome and Principe,STP,2022,7.54
Sierra Leone,SLE,2022,2580
Small Island Developing States (FAO),,2022,95680.91
South America,,2022,4291660.5
South America (FAO),,2022,4291660.5
South-eastern Asia (FAO),,2022,2973098
Southern Asia (FAO),,2022,345589.47
Sri Lanka,LKA,2022,4828
Suriname,SUR,2022,5.58
Taiwan,TWN,2022,980
Tanzania,TZA,2022,66837
Thailand,THA,2022,18688.52
Togo,TGO,2022,25132
Tonga,TON,2022,15.09
Trinidad and Tobago,TTO,2022,732.76
Uganda,UGA,2022,338000
United States,USA,2022,3759
Upper-middle-income countries,,2022,5667472.5
Vanuatu,VUT,2022,15
Venezuela,VEN,2022,57177
Vietnam,VNM,2022,1953990.1
Western Africa (FAO),,2022,382508.9
Western Asia (FAO),,2022,36825.59
World,OWID_WRL,2022,10733909
Yemen,YEM,2022,36825.59
Zambia,ZMB,2022,8841.03
Zimbabwe,ZWE,2022,681
Africa,,2023,1913991.6
Africa (FAO),,2023,1913991.6
Americas (FAO),,2023,5662264.5
Angola,AGO,2023,20071
Asia,,2023,3442499
Asia (FAO),,2023,3442499
Belize,BLZ,2023,89.56
Benin,BEN,2023,55.09
Bolivia,BOL,2023,23579.45
Brazil,BRA,2023,3405267
Burundi,BDI,2023,9900
Cambodia,KHM,2023,364.83
Cameroon,CMR,2023,24266.35
Cape Verde,CPV,2023,17.17
Caribbean (FAO),,2023,45579.32
Central African Republic,CAF,2023,316108
Central America (FAO),,2023,1071939
China,CHN,2023,108000
China (FAO),,2023,109034.45
Colombia,COL,2023,680857.7
Comoros,COM,2023,143.76
Congo,COG,2023,3237.71
Cook Islands,COK,2023,0.37
Costa Rica,CRI,2023,78822
Cote d'Ivoire,CIV,2023,91326.79
Cuba,CUB,2023,6000
Democratic Republic of Congo,COD,2023,62216.86
Dominica,DMA,2023,361.16
Dominican Republic,DOM,2023,23446.25
East Timor,TLS,2023,9167.88
Eastern Africa (FAO),,2023,1162789.1
Eastern Asia (FAO),,2023,109034.45
Ecuador,ECU,2023,5584.19
El Salvador,SLV,2023,32326.39
Equatorial Guinea,GNQ,2023,4091.67
Ethiopia,ETH,2023,559400
Fiji,FJI,2023,14.25
French Polynesia,PYF,2023,21.91
Gabon,GAB,2023,103.9
Ghana,GHA,2023,736
Guatemala,GTM,2023,225327.3
Guinea,GIN,2023,200000
Guyana,GUY,2023,133
Haiti,HTI,2023,5046.87
High-income countries,,2023,98281.31
Honduras,HND,2023,384361.03
India,IND,2023,332848.3
Indonesia,IDN,2023,760192.2
Jamaica,JAM,2023,8152
Kenya,KEN,2023,48700
Land Locked Developing Countries (FAO),,2023,1518901.5
Laos,LAO,2023,177662.23
Least Developed Countries (FAO),,2023,1970313.5
Liberia,LBR,2023,625.27
Low Income Food Deficit Countries (FAO),,2023,1966083.1
Low-income countries,,2023,1477278.9
Lower-middle-income countries,,2023,3584911.2
Madagascar,MDG,2023,49343.51
Malawi,MWI,2023,11000
Malaysia,MYS,2023,5995.95
Melanesia,OWID_MNS,2023,45400.91
Mexico,MEX,2023,194916.12
Middle Africa (FAO),,2023,430103.06
Mozambique,MOZ,2023,794.86
Myanmar,MMR,2023,8417.22
Nepal,NPL,2023,394.4
Net Food Importing Developing Countries (FAO),,2023,2996755.5
New Caledonia,NCL,2023,1.25
Nicaragua,NIC,2023,143336.66
Nigeria,NGA,2023,1844.06
North America,,2023,1120639.4
Northern America (FAO),,2023,3121
Oceania,,2023,45450.01
Oceania (FAO),,2023,45450.01
Panama,PAN,2023,12760
Papua New Guinea,PNG,2023,45371.09
Paraguay,PRY,2023,267.33
Peru,PER,2023,369550.53
Philippines,PHL,2023,30023.39
Polynesia,OWID_PYA,2023,49.09
Puerto Rico,PRI,2023,1616.37
Rwanda,RWA,2023,27104.4
Saint Vincent and the Grenadines,VCT,2023,185.34
Samoa,WSM,2023,11.77
Sao Tome and Principe,STP,2023,7.57
Sierra Leone,SLE,2023,3600
Small Island Developing States (FAO),,2023,100593.91
South America,,2023,4541625.5
South America (FAO),,2023,4541625.5
South-eastern Asia (FAO),,2023,2965181
Southern Asia (FAO),,2023,337992.72
Sri Lanka,LKA,2023,4750
Suriname,SUR,2023,5.63
Taiwan,TWN,2023,1034.45
Tanzania,TZA,2023,62917
Thailand,THA,2023,16574.86
Togo,TGO,2023,22895.05
Tonga,TON,2023,15.05
Trinidad and Tobago,TTO,2023,771.33
Uganda,UGA,2023,384000
United States,USA,2023,3121
Upper-middle-income countries,,2023,5903734
Vanuatu,VUT,2023,14.32
Venezuela,VEN,2023,56380.58
Vietnam,VNM,2023,1956782.5
Western Africa (FAO),,2023,321099.44
Western Asia (FAO),,2023,30290.89
World,OWID_WRL,2023,11064205
Yemen,YEM,2023,30290.89
Zambia,ZMB,2023,8786.74
Zimbabwe,ZWE,2023,698.88
